paper_id,ss_venue_id
0009c4975fcb502a4af0e53d46ec6255c13216a1,921d96ae-72db-40bf-9039-4e51bc8f3e2a
0009c4975fcb502a4af0e53d46ec6255c13216a1,e8931405-e625-49b7-8d94-68dce6d5e06f
0009c4975fcb502a4af0e53d46ec6255c13216a1,5f09bac7-3811-4feb-b742-374ba2756a11
0009c4975fcb502a4af0e53d46ec6255c13216a1,f83e0f18-10d4-40a8-9071-d2eacdefb71f
0009c4975fcb502a4af0e53d46ec6255c13216a1,45dd6061-5de9-486b-a7e7-a583aa5c5211
0009c4975fcb502a4af0e53d46ec6255c13216a1,8a9d385b-f2ad-42e9-a337-8ba40ea4383c
000bc721cefe3f2ba2425e8b95b042dc1e9778f9,403ea468-8258-400f-b868-9bf8c36a6dd3
0014e3f6909edbbf8e4d417baf2b991ffbc2909e,921d96ae-72db-40bf-9039-4e51bc8f3e2a
0014e3f6909edbbf8e4d417baf2b991ffbc2909e,e8931405-e625-49b7-8d94-68dce6d5e06f
0014e3f6909edbbf8e4d417baf2b991ffbc2909e,5f09bac7-3811-4feb-b742-374ba2756a11
0014e3f6909edbbf8e4d417baf2b991ffbc2909e,f83e0f18-10d4-40a8-9071-d2eacdefb71f
001533bcbe30802b9a37d8f9f22a083ccef516b4,2ed562b5-2333-42a6-8829-1ed44166cae7
001533bcbe30802b9a37d8f9f22a083ccef516b4,b8bf6325-9a68-487a-8e18-0e89cd2558df
001533bcbe30802b9a37d8f9f22a083ccef516b4,32880ce1-0575-4f3b-92ce-28e1ccc5428e
001533bcbe30802b9a37d8f9f22a083ccef516b4,2e55506d-dff8-4997-b844-44b7c8b7dc63
0018e888e83bfd993bc49455a8787577ab28a19c,1f660445-ef9f-4d26-82de-0c5bc32cb009
0018e888e83bfd993bc49455a8787577ab28a19c,cb66020e-b9e1-4ff6-a26f-02fca5b10d1d
0018e888e83bfd993bc49455a8787577ab28a19c,df9a8411-ebab-41ca-b55c-97580d0f3fc4
0018e888e83bfd993bc49455a8787577ab28a19c,db20f82f-6b21-4d91-858e-128b71e3945f
0018e888e83bfd993bc49455a8787577ab28a19c,b2a6f1af-9599-477c-a763-65abb8c97f31
001c15accd39827ecf9838d496b7e44e9f890ee7,90505781-1553-4a85-a2ed-bea6d5c00f6c
001ca235cae845677c82167c21cbfa9eabddbfbc,c6e657e9-fe0f-4f20-9f99-5683b2117a95
001ca235cae845677c82167c21cbfa9eabddbfbc,c52317c0-40d3-47ac-836f-44f7fb7d033c
001ca235cae845677c82167c21cbfa9eabddbfbc,18a50785-8cfc-4865-98ee-855bccd19ccb
001ca235cae845677c82167c21cbfa9eabddbfbc,0dd6c414-2780-4ede-9161-d3a9ef9d2d3b
00296433175f54b52d49cb21f57ab608afe2d1bf,9a4f4824-8142-4a2c-9f17-610b3593c54e
00296433175f54b52d49cb21f57ab608afe2d1bf,f163b0aa-2dc9-4ab6-9d30-d0fad71d0fd9
002b5b830c6c7f312dd82cf936b6204bd4018de6,c3616762-7401-4b3b-8fa0-5415cbaac9cf
002b5b830c6c7f312dd82cf936b6204bd4018de6,90ea2e0f-7dbd-469d-a32e-5426b7322a23
002b5b830c6c7f312dd82cf936b6204bd4018de6,126bf663-a26b-48ec-8d60-d26f27ad904f
002b5b830c6c7f312dd82cf936b6204bd4018de6,6acde606-c7cb-4718-8199-c42a7420cee4
002b5b830c6c7f312dd82cf936b6204bd4018de6,90d82cfc-f575-45ed-b865-01e0a070688e
002ca9eeb8de246f430f8c5ea4b60c5b3165aeac,9d33a2d9-3383-4f80-ba9c-caff450b660d
002ca9eeb8de246f430f8c5ea4b60c5b3165aeac,94802ae3-d092-4b68-b5f0-d781ce4b3e0d
002ca9eeb8de246f430f8c5ea4b60c5b3165aeac,64cd70e2-63ca-431c-b13f-523b9da8c241
002ca9eeb8de246f430f8c5ea4b60c5b3165aeac,0109db7c-ef6d-4c35-a31b-35c3aed86768
00016e315b39d20b69f041790573e2215f9eb028,a18692ab-f447-48b4-acdb-a2e86d5ca738
00016e315b39d20b69f041790573e2215f9eb028,b1b973f3-79b7-4a66-87e5-f4b49c9a2c6e
00016e315b39d20b69f041790573e2215f9eb028,470c8b4c-c9f1-4d99-935e-162ebbe1a060
0004bfb2afc73e755c6c4987225907472da966d1,9d33a2d9-3383-4f80-ba9c-caff450b660d
0004bfb2afc73e755c6c4987225907472da966d1,94802ae3-d092-4b68-b5f0-d781ce4b3e0d
0004bfb2afc73e755c6c4987225907472da966d1,64cd70e2-63ca-431c-b13f-523b9da8c241
0004bfb2afc73e755c6c4987225907472da966d1,0109db7c-ef6d-4c35-a31b-35c3aed86768
000bf014a71283e739b3288783e0572dd4de7301,921d96ae-72db-40bf-9039-4e51bc8f3e2a
000bf014a71283e739b3288783e0572dd4de7301,e8931405-e625-49b7-8d94-68dce6d5e06f
000bf014a71283e739b3288783e0572dd4de7301,5f09bac7-3811-4feb-b742-374ba2756a11
000bf014a71283e739b3288783e0572dd4de7301,f83e0f18-10d4-40a8-9071-d2eacdefb71f
0013693bccf244dad3d321558ac7986bc0230db9,403ea468-8258-400f-b868-9bf8c36a6dd3
0013693bccf244dad3d321558ac7986bc0230db9,2f1e9b1e-301c-49fc-b652-ae4ba96a0154
001842ba6c880608a573eeeb2ccd38e9a8ba8281,c3616762-7401-4b3b-8fa0-5415cbaac9cf
001842ba6c880608a573eeeb2ccd38e9a8ba8281,90ea2e0f-7dbd-469d-a32e-5426b7322a23
001842ba6c880608a573eeeb2ccd38e9a8ba8281,126bf663-a26b-48ec-8d60-d26f27ad904f
001842ba6c880608a573eeeb2ccd38e9a8ba8281,6acde606-c7cb-4718-8199-c42a7420cee4
001842ba6c880608a573eeeb2ccd38e9a8ba8281,90d82cfc-f575-45ed-b865-01e0a070688e
0019b23a39d2268d967292b158b9e723d7c5eb58,921d96ae-72db-40bf-9039-4e51bc8f3e2a
0019b23a39d2268d967292b158b9e723d7c5eb58,e8931405-e625-49b7-8d94-68dce6d5e06f
0019dbffc27ecda6e699a2a6a5d0861a478dd204,1f660445-ef9f-4d26-82de-0c5bc32cb009
0019dbffc27ecda6e699a2a6a5d0861a478dd204,cb66020e-b9e1-4ff6-a26f-02fca5b10d1d
0019dbffc27ecda6e699a2a6a5d0861a478dd204,df9a8411-ebab-41ca-b55c-97580d0f3fc4
0019dbffc27ecda6e699a2a6a5d0861a478dd204,db20f82f-6b21-4d91-858e-128b71e3945f
001bd1d8b04d5c20d9f4f4860146d43de445bc17,1f660445-ef9f-4d26-82de-0c5bc32cb009
001bd1d8b04d5c20d9f4f4860146d43de445bc17,cb66020e-b9e1-4ff6-a26f-02fca5b10d1d
001bd1d8b04d5c20d9f4f4860146d43de445bc17,df9a8411-ebab-41ca-b55c-97580d0f3fc4
001bd1d8b04d5c20d9f4f4860146d43de445bc17,db20f82f-6b21-4d91-858e-128b71e3945f
001bd1d8b04d5c20d9f4f4860146d43de445bc17,b2a6f1af-9599-477c-a763-65abb8c97f31
001bd1d8b04d5c20d9f4f4860146d43de445bc17,23ea1e0e-8c12-4f86-b41e-324fa903199a
00227f73b6547b43d9f6c22e0136ab1fadb7036c,c3616762-7401-4b3b-8fa0-5415cbaac9cf
00227f73b6547b43d9f6c22e0136ab1fadb7036c,90ea2e0f-7dbd-469d-a32e-5426b7322a23
00227f73b6547b43d9f6c22e0136ab1fadb7036c,126bf663-a26b-48ec-8d60-d26f27ad904f
00227f73b6547b43d9f6c22e0136ab1fadb7036c,6acde606-c7cb-4718-8199-c42a7420cee4
00227f73b6547b43d9f6c22e0136ab1fadb7036c,90d82cfc-f575-45ed-b865-01e0a070688e
00240aaeb57dba9886d1a695176c97a17ad97885,403ea468-8258-400f-b868-9bf8c36a6dd3
00240aaeb57dba9886d1a695176c97a17ad97885,2f1e9b1e-301c-49fc-b652-ae4ba96a0154
00240aaeb57dba9886d1a695176c97a17ad97885,9dcdbc79-cd22-45cb-bc63-72ad3524fc11
00240aaeb57dba9886d1a695176c97a17ad97885,d1ce4073-ce24-4c58-8801-f8c04ba59c43
00240aaeb57dba9886d1a695176c97a17ad97885,15ea3f11-3fbe-42a5-8f38-6c7d662f8694
002523ab48c0a79567a275c5ba219e95e37d9cca,921d96ae-72db-40bf-9039-4e51bc8f3e2a
002523ab48c0a79567a275c5ba219e95e37d9cca,e8931405-e625-49b7-8d94-68dce6d5e06f
002523ab48c0a79567a275c5ba219e95e37d9cca,5f09bac7-3811-4feb-b742-374ba2756a11
002523ab48c0a79567a275c5ba219e95e37d9cca,f83e0f18-10d4-40a8-9071-d2eacdefb71f
002523ab48c0a79567a275c5ba219e95e37d9cca,45dd6061-5de9-486b-a7e7-a583aa5c5211
002523ab48c0a79567a275c5ba219e95e37d9cca,8a9d385b-f2ad-42e9-a337-8ba40ea4383c
002df72c36a270cc824897f6e5f88edf70fb1f61,90505781-1553-4a85-a2ed-bea6d5c00f6c
002df72c36a270cc824897f6e5f88edf70fb1f61,8cb24734-bd43-4161-8a1f-f2bb653d0344
002df72c36a270cc824897f6e5f88edf70fb1f61,98ca84f9-614f-48fc-9d6c-82fe2859649e
0034365ccb6a98eddd0fab3184c1930621ca7b17,921d96ae-72db-40bf-9039-4e51bc8f3e2a
0034365ccb6a98eddd0fab3184c1930621ca7b17,e8931405-e625-49b7-8d94-68dce6d5e06f
0034365ccb6a98eddd0fab3184c1930621ca7b17,5f09bac7-3811-4feb-b742-374ba2756a11
00363213c1d91a7d051c5ccbd360e11c8210aae4,921d96ae-72db-40bf-9039-4e51bc8f3e2a
00363213c1d91a7d051c5ccbd360e11c8210aae4,e8931405-e625-49b7-8d94-68dce6d5e06f
0038c3c38fd975d3373d63e76b7db5d2c7bf94bf,a18692ab-f447-48b4-acdb-a2e86d5ca738
0038c3c38fd975d3373d63e76b7db5d2c7bf94bf,b1b973f3-79b7-4a66-87e5-f4b49c9a2c6e
0038c3c38fd975d3373d63e76b7db5d2c7bf94bf,470c8b4c-c9f1-4d99-935e-162ebbe1a060
0039e77f1a6de8f375b9c57417201957471ea121,60f76a21-8aa5-4b31-9df3-16a26e73f2a1
003b39f11d9a742f3ed581fccfdaa189b6f30171,a30f691d-e14d-4a6f-95dc-e65fd2f9ac65
003b39f11d9a742f3ed581fccfdaa189b6f30171,50c80a9e-0782-4ffc-8db5-94f3d9a99549
003b39f11d9a742f3ed581fccfdaa189b6f30171,6b5058f6-ac40-4f20-ba9f-667818bb37f4
003b39f11d9a742f3ed581fccfdaa189b6f30171,dc3c2d84-fadf-4ca7-b3ef-0f9c06963856
003d8ba6b56262942c5ed88052fbd1282495966b,9d33a2d9-3383-4f80-ba9c-caff450b660d
003d8ba6b56262942c5ed88052fbd1282495966b,94802ae3-d092-4b68-b5f0-d781ce4b3e0d
003d8ba6b56262942c5ed88052fbd1282495966b,64cd70e2-63ca-431c-b13f-523b9da8c241
003d8ba6b56262942c5ed88052fbd1282495966b,0109db7c-ef6d-4c35-a31b-35c3aed86768
003d912198ad1a718a84e430d47f6c513bb4df92,9a4f4824-8142-4a2c-9f17-610b3593c54e
003d912198ad1a718a84e430d47f6c513bb4df92,f163b0aa-2dc9-4ab6-9d30-d0fad71d0fd9
003d912198ad1a718a84e430d47f6c513bb4df92,828416ca-06bf-4084-a246-0edc642882bb
0042b16cba12db67855b603c261199b70067c69a,403ea468-8258-400f-b868-9bf8c36a6dd3
00433ea2a6d853403019b8b165030bacde9f20d3,1f660445-ef9f-4d26-82de-0c5bc32cb009
00433ea2a6d853403019b8b165030bacde9f20d3,cb66020e-b9e1-4ff6-a26f-02fca5b10d1d
00433ea2a6d853403019b8b165030bacde9f20d3,df9a8411-ebab-41ca-b55c-97580d0f3fc4
00433ea2a6d853403019b8b165030bacde9f20d3,db20f82f-6b21-4d91-858e-128b71e3945f
00433ea2a6d853403019b8b165030bacde9f20d3,b2a6f1af-9599-477c-a763-65abb8c97f31
005073ef6077877fedb41002cb9273f1b08b7b09,60f76a21-8aa5-4b31-9df3-16a26e73f2a1
005073ef6077877fedb41002cb9273f1b08b7b09,4033b765-599f-4bc0-9e12-fa4404c77f5c
005073ef6077877fedb41002cb9273f1b08b7b09,8c5be273-367c-4a4d-91da-3c333faa6986
005073ef6077877fedb41002cb9273f1b08b7b09,cf1cd9f0-b207-40df-a07f-800193da00c0
005073ef6077877fedb41002cb9273f1b08b7b09,06f64777-8b40-4bfc-b766-50d06471cad6
0056e636953cb016836b2c05f43a3d1d4f19880b,90505781-1553-4a85-a2ed-bea6d5c00f6c
0056e636953cb016836b2c05f43a3d1d4f19880b,8cb24734-bd43-4161-8a1f-f2bb653d0344
0056e636953cb016836b2c05f43a3d1d4f19880b,98ca84f9-614f-48fc-9d6c-82fe2859649e
0059adaaa42b647f4810d651fee0d7c5e5f60eaa,60f76a21-8aa5-4b31-9df3-16a26e73f2a1
0059adaaa42b647f4810d651fee0d7c5e5f60eaa,4033b765-599f-4bc0-9e12-fa4404c77f5c
005ad8621bb9672af1ac43500a5143d9d3f2db3e,cb62c4b1-7a1c-42fc-9e69-8a9c58cd36af
005ad8621bb9672af1ac43500a5143d9d3f2db3e,9909dd6c-e2cd-4def-853f-a00fc9946b43
005ad8621bb9672af1ac43500a5143d9d3f2db3e,ce3ee31e-069d-45ee-b401-3411af5ff357
005ad8621bb9672af1ac43500a5143d9d3f2db3e,bfa9da52-37f9-4fb6-bcc6-257a58e33252
005b716759daadb580b472602f6167559aadc9c5,60f76a21-8aa5-4b31-9df3-16a26e73f2a1
005b716759daadb580b472602f6167559aadc9c5,4033b765-599f-4bc0-9e12-fa4404c77f5c
005b716759daadb580b472602f6167559aadc9c5,8c5be273-367c-4a4d-91da-3c333faa6986
005b716759daadb580b472602f6167559aadc9c5,cf1cd9f0-b207-40df-a07f-800193da00c0
00616d3f2033c39831e6274b000dba93e7173e8c,1f660445-ef9f-4d26-82de-0c5bc32cb009
00616d3f2033c39831e6274b000dba93e7173e8c,cb66020e-b9e1-4ff6-a26f-02fca5b10d1d
00616d3f2033c39831e6274b000dba93e7173e8c,df9a8411-ebab-41ca-b55c-97580d0f3fc4
0061d50db46a06422fe3b7433918d9a39a79b74f,9a4f4824-8142-4a2c-9f17-610b3593c54e
0061d50db46a06422fe3b7433918d9a39a79b74f,f163b0aa-2dc9-4ab6-9d30-d0fad71d0fd9
0061d50db46a06422fe3b7433918d9a39a79b74f,828416ca-06bf-4084-a246-0edc642882bb
00656f8d0bef8ec30a14212dbea3f394a7112e94,2ed562b5-2333-42a6-8829-1ed44166cae7
00656f8d0bef8ec30a14212dbea3f394a7112e94,b8bf6325-9a68-487a-8e18-0e89cd2558df
00656f8d0bef8ec30a14212dbea3f394a7112e94,32880ce1-0575-4f3b-92ce-28e1ccc5428e
00656f8d0bef8ec30a14212dbea3f394a7112e94,2e55506d-dff8-4997-b844-44b7c8b7dc63
00672bec9dd0e755f9c375f912c0f1c3918a6b74,90505781-1553-4a85-a2ed-bea6d5c00f6c
00672bec9dd0e755f9c375f912c0f1c3918a6b74,8cb24734-bd43-4161-8a1f-f2bb653d0344
00672bec9dd0e755f9c375f912c0f1c3918a6b74,98ca84f9-614f-48fc-9d6c-82fe2859649e
00672bec9dd0e755f9c375f912c0f1c3918a6b74,2910c7f5-eba8-4e66-b06f-f94e81b7a114
00672bec9dd0e755f9c375f912c0f1c3918a6b74,eac18b54-200e-42d9-b1ee-9c8ef8531be2
0069995f0be8f64d081b5c0bdd56d17f49ea5f25,cd9269b9-26ab-4684-ae9f-3a31db85214e
0069995f0be8f64d081b5c0bdd56d17f49ea5f25,b3387394-4ff8-43ed-917c-baba408ab9ad
0069995f0be8f64d081b5c0bdd56d17f49ea5f25,d86f7ab5-522c-46d9-890d-5d69abdbe8a3
007617660cc0d33741a6b6603da6a1844714cbdf,c3616762-7401-4b3b-8fa0-5415cbaac9cf
007617660cc0d33741a6b6603da6a1844714cbdf,90ea2e0f-7dbd-469d-a32e-5426b7322a23
007617660cc0d33741a6b6603da6a1844714cbdf,126bf663-a26b-48ec-8d60-d26f27ad904f
007617660cc0d33741a6b6603da6a1844714cbdf,6acde606-c7cb-4718-8199-c42a7420cee4
007617660cc0d33741a6b6603da6a1844714cbdf,90d82cfc-f575-45ed-b865-01e0a070688e
007617660cc0d33741a6b6603da6a1844714cbdf,4916e530-9459-491f-9584-0a6fed6fad41
00768f59dc45c197f4329a4d6287423dca22cdbf,9d33a2d9-3383-4f80-ba9c-caff450b660d
00768f59dc45c197f4329a4d6287423dca22cdbf,94802ae3-d092-4b68-b5f0-d781ce4b3e0d
00768f59dc45c197f4329a4d6287423dca22cdbf,64cd70e2-63ca-431c-b13f-523b9da8c241
00768f59dc45c197f4329a4d6287423dca22cdbf,0109db7c-ef6d-4c35-a31b-35c3aed86768
007b0a33a13c085f7ba0a66d1b6b1f7fbace740e,403ea468-8258-400f-b868-9bf8c36a6dd3
007b0a33a13c085f7ba0a66d1b6b1f7fbace740e,2f1e9b1e-301c-49fc-b652-ae4ba96a0154
007b0a33a13c085f7ba0a66d1b6b1f7fbace740e,9dcdbc79-cd22-45cb-bc63-72ad3524fc11
007b0a33a13c085f7ba0a66d1b6b1f7fbace740e,d1ce4073-ce24-4c58-8801-f8c04ba59c43
007b0a33a13c085f7ba0a66d1b6b1f7fbace740e,15ea3f11-3fbe-42a5-8f38-6c7d662f8694
007b5590510ea92dddb5c43ea4df9c8bc068e15d,2ed562b5-2333-42a6-8829-1ed44166cae7
007b5590510ea92dddb5c43ea4df9c8bc068e15d,b8bf6325-9a68-487a-8e18-0e89cd2558df
007b5590510ea92dddb5c43ea4df9c8bc068e15d,32880ce1-0575-4f3b-92ce-28e1ccc5428e
007b5590510ea92dddb5c43ea4df9c8bc068e15d,2e55506d-dff8-4997-b844-44b7c8b7dc63
007f1a6d948cfc4cd838131ab18fac51b01f5275,921d96ae-72db-40bf-9039-4e51bc8f3e2a
007f1a6d948cfc4cd838131ab18fac51b01f5275,e8931405-e625-49b7-8d94-68dce6d5e06f
007f1a6d948cfc4cd838131ab18fac51b01f5275,5f09bac7-3811-4feb-b742-374ba2756a11
007f1a6d948cfc4cd838131ab18fac51b01f5275,f83e0f18-10d4-40a8-9071-d2eacdefb71f
007f1a6d948cfc4cd838131ab18fac51b01f5275,45dd6061-5de9-486b-a7e7-a583aa5c5211
007f1a6d948cfc4cd838131ab18fac51b01f5275,8a9d385b-f2ad-42e9-a337-8ba40ea4383c
00801b7f0a13c5959773466b1ba9e5b18ea7c7d5,1f660445-ef9f-4d26-82de-0c5bc32cb009
00801b7f0a13c5959773466b1ba9e5b18ea7c7d5,cb66020e-b9e1-4ff6-a26f-02fca5b10d1d
00801b7f0a13c5959773466b1ba9e5b18ea7c7d5,df9a8411-ebab-41ca-b55c-97580d0f3fc4
00801b7f0a13c5959773466b1ba9e5b18ea7c7d5,db20f82f-6b21-4d91-858e-128b71e3945f
00801b7f0a13c5959773466b1ba9e5b18ea7c7d5,b2a6f1af-9599-477c-a763-65abb8c97f31
00801b7f0a13c5959773466b1ba9e5b18ea7c7d5,23ea1e0e-8c12-4f86-b41e-324fa903199a
00814de5c4a22fec6d7e6d161f006d9c59482278,60f76a21-8aa5-4b31-9df3-16a26e73f2a1
00814de5c4a22fec6d7e6d161f006d9c59482278,4033b765-599f-4bc0-9e12-fa4404c77f5c
00814de5c4a22fec6d7e6d161f006d9c59482278,8c5be273-367c-4a4d-91da-3c333faa6986
0085bc8aa185ebb0fb18f55cc197c8d98232445d,1f660445-ef9f-4d26-82de-0c5bc32cb009
0085bc8aa185ebb0fb18f55cc197c8d98232445d,cb66020e-b9e1-4ff6-a26f-02fca5b10d1d
0085bc8aa185ebb0fb18f55cc197c8d98232445d,df9a8411-ebab-41ca-b55c-97580d0f3fc4
0085bc8aa185ebb0fb18f55cc197c8d98232445d,db20f82f-6b21-4d91-858e-128b71e3945f
0085bc8aa185ebb0fb18f55cc197c8d98232445d,b2a6f1af-9599-477c-a763-65abb8c97f31
0088aea75b76d7ecd3fa9680ebe778e271c4efcb,c6e657e9-fe0f-4f20-9f99-5683b2117a95
0088aea75b76d7ecd3fa9680ebe778e271c4efcb,c52317c0-40d3-47ac-836f-44f7fb7d033c
0088aea75b76d7ecd3fa9680ebe778e271c4efcb,18a50785-8cfc-4865-98ee-855bccd19ccb
0088aea75b76d7ecd3fa9680ebe778e271c4efcb,0dd6c414-2780-4ede-9161-d3a9ef9d2d3b
008a06b6d99f30957947c2b0acf8f043db23fd75,cb62c4b1-7a1c-42fc-9e69-8a9c58cd36af
008a06b6d99f30957947c2b0acf8f043db23fd75,9909dd6c-e2cd-4def-853f-a00fc9946b43
008a06b6d99f30957947c2b0acf8f043db23fd75,ce3ee31e-069d-45ee-b401-3411af5ff357
008a06b6d99f30957947c2b0acf8f043db23fd75,bfa9da52-37f9-4fb6-bcc6-257a58e33252
008a0971b86645137102eebd63f8901638bf983c,c6e657e9-fe0f-4f20-9f99-5683b2117a95
008a0971b86645137102eebd63f8901638bf983c,c52317c0-40d3-47ac-836f-44f7fb7d033c
008a0971b86645137102eebd63f8901638bf983c,18a50785-8cfc-4865-98ee-855bccd19ccb
008a0971b86645137102eebd63f8901638bf983c,0dd6c414-2780-4ede-9161-d3a9ef9d2d3b
008eb1704c39eeee3efc8db2db53f24d74743e06,403ea468-8258-400f-b868-9bf8c36a6dd3
008eb1704c39eeee3efc8db2db53f24d74743e06,2f1e9b1e-301c-49fc-b652-ae4ba96a0154
008f1cca4c576b11d42c9a4cba236c834e451523,c6e657e9-fe0f-4f20-9f99-5683b2117a95
008f1cca4c576b11d42c9a4cba236c834e451523,c52317c0-40d3-47ac-836f-44f7fb7d033c
008f2f675f9bf99f29ef7d3e8cdf4734cd9bb918,921d96ae-72db-40bf-9039-4e51bc8f3e2a
008f2f675f9bf99f29ef7d3e8cdf4734cd9bb918,e8931405-e625-49b7-8d94-68dce6d5e06f
008f2f675f9bf99f29ef7d3e8cdf4734cd9bb918,5f09bac7-3811-4feb-b742-374ba2756a11
008f2f675f9bf99f29ef7d3e8cdf4734cd9bb918,f83e0f18-10d4-40a8-9071-d2eacdefb71f
008f51c5a995cf3d19bdcf2c7bb01648774daafb,60f76a21-8aa5-4b31-9df3-16a26e73f2a1
008f51c5a995cf3d19bdcf2c7bb01648774daafb,4033b765-599f-4bc0-9e12-fa4404c77f5c
008f51c5a995cf3d19bdcf2c7bb01648774daafb,8c5be273-367c-4a4d-91da-3c333faa6986
008f51c5a995cf3d19bdcf2c7bb01648774daafb,cf1cd9f0-b207-40df-a07f-800193da00c0
008f51c5a995cf3d19bdcf2c7bb01648774daafb,06f64777-8b40-4bfc-b766-50d06471cad6
008f51c5a995cf3d19bdcf2c7bb01648774daafb,c11be494-d696-4006-9408-32a4e9dda098
008f8eb8cfbada33bedbcf794e725606b5a3a3e7,403ea468-8258-400f-b868-9bf8c36a6dd3
008f8eb8cfbada33bedbcf794e725606b5a3a3e7,2f1e9b1e-301c-49fc-b652-ae4ba96a0154
008f8eb8cfbada33bedbcf794e725606b5a3a3e7,9dcdbc79-cd22-45cb-bc63-72ad3524fc11
008f8eb8cfbada33bedbcf794e725606b5a3a3e7,d1ce4073-ce24-4c58-8801-f8c04ba59c43
008f8eb8cfbada33bedbcf794e725606b5a3a3e7,15ea3f11-3fbe-42a5-8f38-6c7d662f8694
0090fe788feb3d56ee9bb1aaf83d51de71d8d3e6,cd9269b9-26ab-4684-ae9f-3a31db85214e
0090fe788feb3d56ee9bb1aaf83d51de71d8d3e6,b3387394-4ff8-43ed-917c-baba408ab9ad
0090fe788feb3d56ee9bb1aaf83d51de71d8d3e6,d86f7ab5-522c-46d9-890d-5d69abdbe8a3
0090fe788feb3d56ee9bb1aaf83d51de71d8d3e6,1178f68a-3e54-43a1-b5ad-c2a95d82b014
0092c1083e4fb679b288686d1dc8c9d83efef9bc,90505781-1553-4a85-a2ed-bea6d5c00f6c
0092c1083e4fb679b288686d1dc8c9d83efef9bc,8cb24734-bd43-4161-8a1f-f2bb653d0344
0092c1083e4fb679b288686d1dc8c9d83efef9bc,98ca84f9-614f-48fc-9d6c-82fe2859649e
0092c1083e4fb679b288686d1dc8c9d83efef9bc,2910c7f5-eba8-4e66-b06f-f94e81b7a114
0092c1083e4fb679b288686d1dc8c9d83efef9bc,eac18b54-200e-42d9-b1ee-9c8ef8531be2
0092c1083e4fb679b288686d1dc8c9d83efef9bc,14b229f0-5db0-45c8-8e38-464391cd9833
009687779428dcb8c32f3c930697a7c3f8de3d3b,1f660445-ef9f-4d26-82de-0c5bc32cb009
009687779428dcb8c32f3c930697a7c3f8de3d3b,cb66020e-b9e1-4ff6-a26f-02fca5b10d1d
009687779428dcb8c32f3c930697a7c3f8de3d3b,df9a8411-ebab-41ca-b55c-97580d0f3fc4
0098b6f1bf31b12cdd0c24ef81050c3d2a39b0f5,921d96ae-72db-40bf-9039-4e51bc8f3e2a
0098b6f1bf31b12cdd0c24ef81050c3d2a39b0f5,e8931405-e625-49b7-8d94-68dce6d5e06f
0098b6f1bf31b12cdd0c24ef81050c3d2a39b0f5,5f09bac7-3811-4feb-b742-374ba2756a11
0098b6f1bf31b12cdd0c24ef81050c3d2a39b0f5,f83e0f18-10d4-40a8-9071-d2eacdefb71f
0098b6f1bf31b12cdd0c24ef81050c3d2a39b0f5,45dd6061-5de9-486b-a7e7-a583aa5c5211
0098b6f1bf31b12cdd0c24ef81050c3d2a39b0f5,8a9d385b-f2ad-42e9-a337-8ba40ea4383c
009b13bb48af9d33dbeb961f044133c7c21cec89,c3616762-7401-4b3b-8fa0-5415cbaac9cf
009b13bb48af9d33dbeb961f044133c7c21cec89,90ea2e0f-7dbd-469d-a32e-5426b7322a23
009b13bb48af9d33dbeb961f044133c7c21cec89,126bf663-a26b-48ec-8d60-d26f27ad904f
009b13bb48af9d33dbeb961f044133c7c21cec89,6acde606-c7cb-4718-8199-c42a7420cee4
009b13bb48af9d33dbeb961f044133c7c21cec89,90d82cfc-f575-45ed-b865-01e0a070688e
009b13bb48af9d33dbeb961f044133c7c21cec89,4916e530-9459-491f-9584-0a6fed6fad41
00a3e1c293f3c8dfc205f0094f4d971850a5d99c,403ea468-8258-400f-b868-9bf8c36a6dd3
00a9af382e2e28bdd25dddbb1cd64c1885a4fc93,403ea468-8258-400f-b868-9bf8c36a6dd3
00a9af382e2e28bdd25dddbb1cd64c1885a4fc93,2f1e9b1e-301c-49fc-b652-ae4ba96a0154
00b0779034bc13da8f4eb18ed3d0c3466d759b91,1f660445-ef9f-4d26-82de-0c5bc32cb009
00b0779034bc13da8f4eb18ed3d0c3466d759b91,cb66020e-b9e1-4ff6-a26f-02fca5b10d1d
00b5f8d132c6223e130622b4136e1090e943f238,c6e657e9-fe0f-4f20-9f99-5683b2117a95
00b6456d504cf5d782803091b9a2d460daa7da80,921d96ae-72db-40bf-9039-4e51bc8f3e2a
00b6456d504cf5d782803091b9a2d460daa7da80,e8931405-e625-49b7-8d94-68dce6d5e06f
00b6456d504cf5d782803091b9a2d460daa7da80,5f09bac7-3811-4feb-b742-374ba2756a11
00b6456d504cf5d782803091b9a2d460daa7da80,f83e0f18-10d4-40a8-9071-d2eacdefb71f
00b6456d504cf5d782803091b9a2d460daa7da80,45dd6061-5de9-486b-a7e7-a583aa5c5211
00b6e7863d9ea0c81b2d5f61d019c32fc3456bc6,921d96ae-72db-40bf-9039-4e51bc8f3e2a
00b6e7863d9ea0c81b2d5f61d019c32fc3456bc6,e8931405-e625-49b7-8d94-68dce6d5e06f
00ba98cf43f53a8e9e61b8895a7ca302900e6d7e,c6e657e9-fe0f-4f20-9f99-5683b2117a95
00ba98cf43f53a8e9e61b8895a7ca302900e6d7e,c52317c0-40d3-47ac-836f-44f7fb7d033c
00bb7f29057d30892f84cc01a96301b688fcdef8,c6e657e9-fe0f-4f20-9f99-5683b2117a95
00bb7f29057d30892f84cc01a96301b688fcdef8,c52317c0-40d3-47ac-836f-44f7fb7d033c
00bb7f29057d30892f84cc01a96301b688fcdef8,18a50785-8cfc-4865-98ee-855bccd19ccb
00bb7f29057d30892f84cc01a96301b688fcdef8,0dd6c414-2780-4ede-9161-d3a9ef9d2d3b
00bc00b24b901559bb1cad66c4bf354808b1d923,60f76a21-8aa5-4b31-9df3-16a26e73f2a1
00bc00b24b901559bb1cad66c4bf354808b1d923,4033b765-599f-4bc0-9e12-fa4404c77f5c
00bc00b24b901559bb1cad66c4bf354808b1d923,8c5be273-367c-4a4d-91da-3c333faa6986
00bc00b24b901559bb1cad66c4bf354808b1d923,cf1cd9f0-b207-40df-a07f-800193da00c0
00bc00b24b901559bb1cad66c4bf354808b1d923,06f64777-8b40-4bfc-b766-50d06471cad6
00c05c5f00a88ca00e8704c2ce2010ac0667a924,2ed562b5-2333-42a6-8829-1ed44166cae7
00c05c5f00a88ca00e8704c2ce2010ac0667a924,b8bf6325-9a68-487a-8e18-0e89cd2558df
00c05c5f00a88ca00e8704c2ce2010ac0667a924,32880ce1-0575-4f3b-92ce-28e1ccc5428e
00c05c5f00a88ca00e8704c2ce2010ac0667a924,2e55506d-dff8-4997-b844-44b7c8b7dc63
00c28df4baa4eea232026dafe8bf8cd800a9110a,c6e657e9-fe0f-4f20-9f99-5683b2117a95
00c28df4baa4eea232026dafe8bf8cd800a9110a,c52317c0-40d3-47ac-836f-44f7fb7d033c
00c28df4baa4eea232026dafe8bf8cd800a9110a,18a50785-8cfc-4865-98ee-855bccd19ccb
00c28df4baa4eea232026dafe8bf8cd800a9110a,0dd6c414-2780-4ede-9161-d3a9ef9d2d3b
00c39a8b3857f16fd59ebd91ed13d68a1aed4d8b,c3616762-7401-4b3b-8fa0-5415cbaac9cf
00c39a8b3857f16fd59ebd91ed13d68a1aed4d8b,90ea2e0f-7dbd-469d-a32e-5426b7322a23
00c39a8b3857f16fd59ebd91ed13d68a1aed4d8b,126bf663-a26b-48ec-8d60-d26f27ad904f
00c5cf4399df8efa1179915c36088a99eb26f281,90505781-1553-4a85-a2ed-bea6d5c00f6c
00c5cf4399df8efa1179915c36088a99eb26f281,8cb24734-bd43-4161-8a1f-f2bb653d0344
00c5cf4399df8efa1179915c36088a99eb26f281,98ca84f9-614f-48fc-9d6c-82fe2859649e
00c723c32a69c2a326d55c618694d5d1038da688,9d33a2d9-3383-4f80-ba9c-caff450b660d
00c723c32a69c2a326d55c618694d5d1038da688,94802ae3-d092-4b68-b5f0-d781ce4b3e0d
00c723c32a69c2a326d55c618694d5d1038da688,64cd70e2-63ca-431c-b13f-523b9da8c241
00c92bd26958dbc085eb4bbc72aa3d34f92e32c7,a30f691d-e14d-4a6f-95dc-e65fd2f9ac65
00c92bd26958dbc085eb4bbc72aa3d34f92e32c7,50c80a9e-0782-4ffc-8db5-94f3d9a99549
00c92bd26958dbc085eb4bbc72aa3d34f92e32c7,6b5058f6-ac40-4f20-ba9f-667818bb37f4
00cdd54e6cc5cb616df26a32d8e709b67de52739,60f76a21-8aa5-4b31-9df3-16a26e73f2a1
00cdd54e6cc5cb616df26a32d8e709b67de52739,4033b765-599f-4bc0-9e12-fa4404c77f5c
00cdd54e6cc5cb616df26a32d8e709b67de52739,8c5be273-367c-4a4d-91da-3c333faa6986
00cdd54e6cc5cb616df26a32d8e709b67de52739,cf1cd9f0-b207-40df-a07f-800193da00c0
00cdd54e6cc5cb616df26a32d8e709b67de52739,06f64777-8b40-4bfc-b766-50d06471cad6
00d669ea812b93429bb59d00e3cbedee42d4efb1,921d96ae-72db-40bf-9039-4e51bc8f3e2a
00d669ea812b93429bb59d00e3cbedee42d4efb1,e8931405-e625-49b7-8d94-68dce6d5e06f
00d669ea812b93429bb59d00e3cbedee42d4efb1,5f09bac7-3811-4feb-b742-374ba2756a11
00d669ea812b93429bb59d00e3cbedee42d4efb1,f83e0f18-10d4-40a8-9071-d2eacdefb71f
00dc5c4cb64d6bd66ba091b2bdbd7baa189a3ced,9d33a2d9-3383-4f80-ba9c-caff450b660d
00dc5c4cb64d6bd66ba091b2bdbd7baa189a3ced,94802ae3-d092-4b68-b5f0-d781ce4b3e0d
00dc5c4cb64d6bd66ba091b2bdbd7baa189a3ced,64cd70e2-63ca-431c-b13f-523b9da8c241
00e2b0f9bcdfa52fbf68a959f9daa8a5ba23bba8,921d96ae-72db-40bf-9039-4e51bc8f3e2a
00e2b0f9bcdfa52fbf68a959f9daa8a5ba23bba8,e8931405-e625-49b7-8d94-68dce6d5e06f
00e3c0110f4d65897ec9e805a4429f4aa03cc6fe,921d96ae-72db-40bf-9039-4e51bc8f3e2a
00e3c0110f4d65897ec9e805a4429f4aa03cc6fe,e8931405-e625-49b7-8d94-68dce6d5e06f
00e3c0110f4d65897ec9e805a4429f4aa03cc6fe,5f09bac7-3811-4feb-b742-374ba2756a11
00e3c0110f4d65897ec9e805a4429f4aa03cc6fe,f83e0f18-10d4-40a8-9071-d2eacdefb71f
00e422bdc76b82514d66675dcac8da0493352a8e,9d33a2d9-3383-4f80-ba9c-caff450b660d
00e422bdc76b82514d66675dcac8da0493352a8e,94802ae3-d092-4b68-b5f0-d781ce4b3e0d
00e422bdc76b82514d66675dcac8da0493352a8e,64cd70e2-63ca-431c-b13f-523b9da8c241
00e422bdc76b82514d66675dcac8da0493352a8e,0109db7c-ef6d-4c35-a31b-35c3aed86768
00e70c97afd1af0b70e1fc6480d05a9d55a75413,cb62c4b1-7a1c-42fc-9e69-8a9c58cd36af
00e70c97afd1af0b70e1fc6480d05a9d55a75413,9909dd6c-e2cd-4def-853f-a00fc9946b43
00e70c97afd1af0b70e1fc6480d05a9d55a75413,ce3ee31e-069d-45ee-b401-3411af5ff357
00e70c97afd1af0b70e1fc6480d05a9d55a75413,bfa9da52-37f9-4fb6-bcc6-257a58e33252
00e70c97afd1af0b70e1fc6480d05a9d55a75413,7f86c286-c4e9-40fa-9fe2-9d8c62cb281f
00e7411e4c52e499e01bde5072eb07940d162ad7,403ea468-8258-400f-b868-9bf8c36a6dd3
0006b5336a56fa671de83fddc17d7165e1a0d637,9a4f4824-8142-4a2c-9f17-610b3593c54e
000f945179e9ffc0ad20fe695bcc992066d6d072,cb62c4b1-7a1c-42fc-9e69-8a9c58cd36af
000f945179e9ffc0ad20fe695bcc992066d6d072,9909dd6c-e2cd-4def-853f-a00fc9946b43
000f945179e9ffc0ad20fe695bcc992066d6d072,ce3ee31e-069d-45ee-b401-3411af5ff357
000f945179e9ffc0ad20fe695bcc992066d6d072,bfa9da52-37f9-4fb6-bcc6-257a58e33252
000f945179e9ffc0ad20fe695bcc992066d6d072,7f86c286-c4e9-40fa-9fe2-9d8c62cb281f
0022282d20f3c507fba576062c6c58c02dd4c8f7,921d96ae-72db-40bf-9039-4e51bc8f3e2a
0022282d20f3c507fba576062c6c58c02dd4c8f7,e8931405-e625-49b7-8d94-68dce6d5e06f
00250fc7fe665bdb5af3e895a18d1c94db3a7c8e,60f76a21-8aa5-4b31-9df3-16a26e73f2a1
0027a5389929596cc4bd1d645104cd7d88588509,60f76a21-8aa5-4b31-9df3-16a26e73f2a1
0027a5389929596cc4bd1d645104cd7d88588509,4033b765-599f-4bc0-9e12-fa4404c77f5c
0027a5389929596cc4bd1d645104cd7d88588509,8c5be273-367c-4a4d-91da-3c333faa6986
0027a5389929596cc4bd1d645104cd7d88588509,cf1cd9f0-b207-40df-a07f-800193da00c0
0027a5389929596cc4bd1d645104cd7d88588509,06f64777-8b40-4bfc-b766-50d06471cad6
0027a5389929596cc4bd1d645104cd7d88588509,c11be494-d696-4006-9408-32a4e9dda098
0034c34af6a12c058c8ef12136758c8ee4d2f945,2ed562b5-2333-42a6-8829-1ed44166cae7
0034c34af6a12c058c8ef12136758c8ee4d2f945,b8bf6325-9a68-487a-8e18-0e89cd2558df
0034c34af6a12c058c8ef12136758c8ee4d2f945,32880ce1-0575-4f3b-92ce-28e1ccc5428e
0034c34af6a12c058c8ef12136758c8ee4d2f945,2e55506d-dff8-4997-b844-44b7c8b7dc63
003d1994ad51db685cdb7f98063edb3a53816bb7,2ed562b5-2333-42a6-8829-1ed44166cae7
003d1994ad51db685cdb7f98063edb3a53816bb7,b8bf6325-9a68-487a-8e18-0e89cd2558df
003d1994ad51db685cdb7f98063edb3a53816bb7,32880ce1-0575-4f3b-92ce-28e1ccc5428e
003d1994ad51db685cdb7f98063edb3a53816bb7,2e55506d-dff8-4997-b844-44b7c8b7dc63
0047798ed5bbb87084440d31345ae318e1e3a1b4,1f660445-ef9f-4d26-82de-0c5bc32cb009
0047798ed5bbb87084440d31345ae318e1e3a1b4,cb66020e-b9e1-4ff6-a26f-02fca5b10d1d
0047798ed5bbb87084440d31345ae318e1e3a1b4,df9a8411-ebab-41ca-b55c-97580d0f3fc4
00554b24a42a74ce45d041d3ace268d3fe3eb77a,c6e657e9-fe0f-4f20-9f99-5683b2117a95
00554b24a42a74ce45d041d3ace268d3fe3eb77a,c52317c0-40d3-47ac-836f-44f7fb7d033c
00554b24a42a74ce45d041d3ace268d3fe3eb77a,18a50785-8cfc-4865-98ee-855bccd19ccb
00554b24a42a74ce45d041d3ace268d3fe3eb77a,0dd6c414-2780-4ede-9161-d3a9ef9d2d3b
005783454d128bc45ab86000efc78d5676ece1b1,921d96ae-72db-40bf-9039-4e51bc8f3e2a
005783454d128bc45ab86000efc78d5676ece1b1,e8931405-e625-49b7-8d94-68dce6d5e06f
005783454d128bc45ab86000efc78d5676ece1b1,5f09bac7-3811-4feb-b742-374ba2756a11
005783454d128bc45ab86000efc78d5676ece1b1,f83e0f18-10d4-40a8-9071-d2eacdefb71f
005783454d128bc45ab86000efc78d5676ece1b1,45dd6061-5de9-486b-a7e7-a583aa5c5211
005783454d128bc45ab86000efc78d5676ece1b1,8a9d385b-f2ad-42e9-a337-8ba40ea4383c
005f0f6d796e1856b373e2116bdbffa719d12fbd,403ea468-8258-400f-b868-9bf8c36a6dd3
005f0f6d796e1856b373e2116bdbffa719d12fbd,2f1e9b1e-301c-49fc-b652-ae4ba96a0154
005f0f6d796e1856b373e2116bdbffa719d12fbd,9dcdbc79-cd22-45cb-bc63-72ad3524fc11
005f0f6d796e1856b373e2116bdbffa719d12fbd,d1ce4073-ce24-4c58-8801-f8c04ba59c43
006707fad29166a3426fbb654d842c6d9292a771,a30f691d-e14d-4a6f-95dc-e65fd2f9ac65
006707fad29166a3426fbb654d842c6d9292a771,50c80a9e-0782-4ffc-8db5-94f3d9a99549
006707fad29166a3426fbb654d842c6d9292a771,6b5058f6-ac40-4f20-ba9f-667818bb37f4
006707fad29166a3426fbb654d842c6d9292a771,dc3c2d84-fadf-4ca7-b3ef-0f9c06963856
0067258937f69e4cc4371a924134189074be8d93,cd9269b9-26ab-4684-ae9f-3a31db85214e
0067258937f69e4cc4371a924134189074be8d93,b3387394-4ff8-43ed-917c-baba408ab9ad
0067258937f69e4cc4371a924134189074be8d93,d86f7ab5-522c-46d9-890d-5d69abdbe8a3
0067258937f69e4cc4371a924134189074be8d93,1178f68a-3e54-43a1-b5ad-c2a95d82b014
006b89abc356c1c3bf2dfa35f47c0601c39dce38,1f660445-ef9f-4d26-82de-0c5bc32cb009
006b89abc356c1c3bf2dfa35f47c0601c39dce38,cb66020e-b9e1-4ff6-a26f-02fca5b10d1d
006b89abc356c1c3bf2dfa35f47c0601c39dce38,df9a8411-ebab-41ca-b55c-97580d0f3fc4
006b89abc356c1c3bf2dfa35f47c0601c39dce38,db20f82f-6b21-4d91-858e-128b71e3945f
006bd41c4a52c64445afdbc67182715a476e09c8,cb62c4b1-7a1c-42fc-9e69-8a9c58cd36af
006bd41c4a52c64445afdbc67182715a476e09c8,9909dd6c-e2cd-4def-853f-a00fc9946b43
006bd41c4a52c64445afdbc67182715a476e09c8,ce3ee31e-069d-45ee-b401-3411af5ff357
006bd41c4a52c64445afdbc67182715a476e09c8,bfa9da52-37f9-4fb6-bcc6-257a58e33252
006bd41c4a52c64445afdbc67182715a476e09c8,7f86c286-c4e9-40fa-9fe2-9d8c62cb281f
006bf046e6c27d882bae79688004c4c4f4781a0f,cd9269b9-26ab-4684-ae9f-3a31db85214e
006bf046e6c27d882bae79688004c4c4f4781a0f,b3387394-4ff8-43ed-917c-baba408ab9ad
006bf046e6c27d882bae79688004c4c4f4781a0f,d86f7ab5-522c-46d9-890d-5d69abdbe8a3
006bf046e6c27d882bae79688004c4c4f4781a0f,1178f68a-3e54-43a1-b5ad-c2a95d82b014
007098d098b83163f76d17b75fb47f2eec43fd2d,90505781-1553-4a85-a2ed-bea6d5c00f6c
007098d098b83163f76d17b75fb47f2eec43fd2d,8cb24734-bd43-4161-8a1f-f2bb653d0344
007098d098b83163f76d17b75fb47f2eec43fd2d,98ca84f9-614f-48fc-9d6c-82fe2859649e
00729e81a3c5d5ca1f7c57751cc6664da5450c76,c3616762-7401-4b3b-8fa0-5415cbaac9cf
00729e81a3c5d5ca1f7c57751cc6664da5450c76,90ea2e0f-7dbd-469d-a32e-5426b7322a23
00729e81a3c5d5ca1f7c57751cc6664da5450c76,126bf663-a26b-48ec-8d60-d26f27ad904f
00729e81a3c5d5ca1f7c57751cc6664da5450c76,6acde606-c7cb-4718-8199-c42a7420cee4
00729e81a3c5d5ca1f7c57751cc6664da5450c76,90d82cfc-f575-45ed-b865-01e0a070688e
00735bf6a1ad14a343650e7a4b6661eda04ddd60,2ed562b5-2333-42a6-8829-1ed44166cae7
00735bf6a1ad14a343650e7a4b6661eda04ddd60,b8bf6325-9a68-487a-8e18-0e89cd2558df
00735bf6a1ad14a343650e7a4b6661eda04ddd60,32880ce1-0575-4f3b-92ce-28e1ccc5428e
00735bf6a1ad14a343650e7a4b6661eda04ddd60,2e55506d-dff8-4997-b844-44b7c8b7dc63
0075dfdbd25dce1fd545d2ece39476a3a6dee5da,1f660445-ef9f-4d26-82de-0c5bc32cb009
007d907ebb6183bb1891828afc6a7c3eeef00c87,cb62c4b1-7a1c-42fc-9e69-8a9c58cd36af
007d907ebb6183bb1891828afc6a7c3eeef00c87,9909dd6c-e2cd-4def-853f-a00fc9946b43
007d907ebb6183bb1891828afc6a7c3eeef00c87,ce3ee31e-069d-45ee-b401-3411af5ff357
007d907ebb6183bb1891828afc6a7c3eeef00c87,bfa9da52-37f9-4fb6-bcc6-257a58e33252
007d907ebb6183bb1891828afc6a7c3eeef00c87,7f86c286-c4e9-40fa-9fe2-9d8c62cb281f
00811cc3b808295db2c7a184c2a8da1d66d17e23,9d33a2d9-3383-4f80-ba9c-caff450b660d
00811cc3b808295db2c7a184c2a8da1d66d17e23,94802ae3-d092-4b68-b5f0-d781ce4b3e0d
00811cc3b808295db2c7a184c2a8da1d66d17e23,64cd70e2-63ca-431c-b13f-523b9da8c241
00811cc3b808295db2c7a184c2a8da1d66d17e23,0109db7c-ef6d-4c35-a31b-35c3aed86768
0083bf90c49c5f48d52ce309c4ddc7f4f9782b15,c6e657e9-fe0f-4f20-9f99-5683b2117a95
0083bf90c49c5f48d52ce309c4ddc7f4f9782b15,c52317c0-40d3-47ac-836f-44f7fb7d033c
0083bf90c49c5f48d52ce309c4ddc7f4f9782b15,18a50785-8cfc-4865-98ee-855bccd19ccb
0083bf90c49c5f48d52ce309c4ddc7f4f9782b15,0dd6c414-2780-4ede-9161-d3a9ef9d2d3b
0091346f761e451761f48eadd304bd3fb8a4126e,c3616762-7401-4b3b-8fa0-5415cbaac9cf
0091346f761e451761f48eadd304bd3fb8a4126e,90ea2e0f-7dbd-469d-a32e-5426b7322a23
0091346f761e451761f48eadd304bd3fb8a4126e,126bf663-a26b-48ec-8d60-d26f27ad904f
0091346f761e451761f48eadd304bd3fb8a4126e,6acde606-c7cb-4718-8199-c42a7420cee4
0091346f761e451761f48eadd304bd3fb8a4126e,90d82cfc-f575-45ed-b865-01e0a070688e
00922c3a783155b87425b085306b973664044dd4,2ed562b5-2333-42a6-8829-1ed44166cae7
00922c3a783155b87425b085306b973664044dd4,b8bf6325-9a68-487a-8e18-0e89cd2558df
00922c3a783155b87425b085306b973664044dd4,32880ce1-0575-4f3b-92ce-28e1ccc5428e
00922c3a783155b87425b085306b973664044dd4,2e55506d-dff8-4997-b844-44b7c8b7dc63
00967c22396abfb895868323ab720c28b837b4be,60f76a21-8aa5-4b31-9df3-16a26e73f2a1
00967c22396abfb895868323ab720c28b837b4be,4033b765-599f-4bc0-9e12-fa4404c77f5c
00967c22396abfb895868323ab720c28b837b4be,8c5be273-367c-4a4d-91da-3c333faa6986
00975a7f3bc8bfb0a694117c07ccb7324333014f,90505781-1553-4a85-a2ed-bea6d5c00f6c
00975a7f3bc8bfb0a694117c07ccb7324333014f,8cb24734-bd43-4161-8a1f-f2bb653d0344
00975a7f3bc8bfb0a694117c07ccb7324333014f,98ca84f9-614f-48fc-9d6c-82fe2859649e
00975a7f3bc8bfb0a694117c07ccb7324333014f,2910c7f5-eba8-4e66-b06f-f94e81b7a114
00975a7f3bc8bfb0a694117c07ccb7324333014f,eac18b54-200e-42d9-b1ee-9c8ef8531be2
00975a7f3bc8bfb0a694117c07ccb7324333014f,14b229f0-5db0-45c8-8e38-464391cd9833
009bce9910153fbd8729954c24c64cf7ee0f7c1b,2ed562b5-2333-42a6-8829-1ed44166cae7
009bce9910153fbd8729954c24c64cf7ee0f7c1b,b8bf6325-9a68-487a-8e18-0e89cd2558df
009bce9910153fbd8729954c24c64cf7ee0f7c1b,32880ce1-0575-4f3b-92ce-28e1ccc5428e
009bce9910153fbd8729954c24c64cf7ee0f7c1b,2e55506d-dff8-4997-b844-44b7c8b7dc63
009eb31338512d9ca6ffde4062f0443f94b61fd1,c6e657e9-fe0f-4f20-9f99-5683b2117a95
009eb31338512d9ca6ffde4062f0443f94b61fd1,c52317c0-40d3-47ac-836f-44f7fb7d033c
00a0914dcd260804109cc05aef17830c371a1f27,60f76a21-8aa5-4b31-9df3-16a26e73f2a1
00a0914dcd260804109cc05aef17830c371a1f27,4033b765-599f-4bc0-9e12-fa4404c77f5c
00a0914dcd260804109cc05aef17830c371a1f27,8c5be273-367c-4a4d-91da-3c333faa6986
00a0914dcd260804109cc05aef17830c371a1f27,cf1cd9f0-b207-40df-a07f-800193da00c0
00a0914dcd260804109cc05aef17830c371a1f27,06f64777-8b40-4bfc-b766-50d06471cad6
00a0914dcd260804109cc05aef17830c371a1f27,c11be494-d696-4006-9408-32a4e9dda098
00a427715f49105b001ba242ad0e36b570c6d5db,921d96ae-72db-40bf-9039-4e51bc8f3e2a
00a427715f49105b001ba242ad0e36b570c6d5db,e8931405-e625-49b7-8d94-68dce6d5e06f
00a427715f49105b001ba242ad0e36b570c6d5db,5f09bac7-3811-4feb-b742-374ba2756a11
00a427715f49105b001ba242ad0e36b570c6d5db,f83e0f18-10d4-40a8-9071-d2eacdefb71f
00a427715f49105b001ba242ad0e36b570c6d5db,45dd6061-5de9-486b-a7e7-a583aa5c5211
00a427715f49105b001ba242ad0e36b570c6d5db,8a9d385b-f2ad-42e9-a337-8ba40ea4383c
00a475e5f179857ad0d2d139d65183109b8c7dc4,1f660445-ef9f-4d26-82de-0c5bc32cb009
00a475e5f179857ad0d2d139d65183109b8c7dc4,cb66020e-b9e1-4ff6-a26f-02fca5b10d1d
00a475e5f179857ad0d2d139d65183109b8c7dc4,df9a8411-ebab-41ca-b55c-97580d0f3fc4
00a475e5f179857ad0d2d139d65183109b8c7dc4,db20f82f-6b21-4d91-858e-128b71e3945f
00a475e5f179857ad0d2d139d65183109b8c7dc4,b2a6f1af-9599-477c-a763-65abb8c97f31
00ada6a5c6607c63b7e060d040ddee120d5107ee,a18692ab-f447-48b4-acdb-a2e86d5ca738
00ada6a5c6607c63b7e060d040ddee120d5107ee,b1b973f3-79b7-4a66-87e5-f4b49c9a2c6e
00ada6a5c6607c63b7e060d040ddee120d5107ee,470c8b4c-c9f1-4d99-935e-162ebbe1a060
00b3fc061b3600b9508480022556c9a76494dba4,1f660445-ef9f-4d26-82de-0c5bc32cb009
00b3fc061b3600b9508480022556c9a76494dba4,cb66020e-b9e1-4ff6-a26f-02fca5b10d1d
00b3fc061b3600b9508480022556c9a76494dba4,df9a8411-ebab-41ca-b55c-97580d0f3fc4
00b3fc061b3600b9508480022556c9a76494dba4,db20f82f-6b21-4d91-858e-128b71e3945f
00b3fc061b3600b9508480022556c9a76494dba4,b2a6f1af-9599-477c-a763-65abb8c97f31
00b3fc061b3600b9508480022556c9a76494dba4,23ea1e0e-8c12-4f86-b41e-324fa903199a
00b3fc061b3600b9508480022556c9a76494dba4,13ffe49f-74b4-43e6-a5f5-760a19181c3a
00b42b3d8e4417399b06d547f4c46030f332c9be,60f76a21-8aa5-4b31-9df3-16a26e73f2a1
00b42b3d8e4417399b06d547f4c46030f332c9be,4033b765-599f-4bc0-9e12-fa4404c77f5c
00b42b3d8e4417399b06d547f4c46030f332c9be,8c5be273-367c-4a4d-91da-3c333faa6986
00b42b3d8e4417399b06d547f4c46030f332c9be,cf1cd9f0-b207-40df-a07f-800193da00c0
00b42b3d8e4417399b06d547f4c46030f332c9be,06f64777-8b40-4bfc-b766-50d06471cad6
00b42b3d8e4417399b06d547f4c46030f332c9be,c11be494-d696-4006-9408-32a4e9dda098
00bc156bac2b39fab1689fe047b23c9f216d7f29,9a4f4824-8142-4a2c-9f17-610b3593c54e
00bc156bac2b39fab1689fe047b23c9f216d7f29,f163b0aa-2dc9-4ab6-9d30-d0fad71d0fd9
00bc156bac2b39fab1689fe047b23c9f216d7f29,828416ca-06bf-4084-a246-0edc642882bb
00c2b76966cc18c09e865cf827fb4c7a3d294a6c,1f660445-ef9f-4d26-82de-0c5bc32cb009
00c2b76966cc18c09e865cf827fb4c7a3d294a6c,cb66020e-b9e1-4ff6-a26f-02fca5b10d1d
00c2b76966cc18c09e865cf827fb4c7a3d294a6c,df9a8411-ebab-41ca-b55c-97580d0f3fc4
00c2b76966cc18c09e865cf827fb4c7a3d294a6c,db20f82f-6b21-4d91-858e-128b71e3945f
00c2b76966cc18c09e865cf827fb4c7a3d294a6c,b2a6f1af-9599-477c-a763-65abb8c97f31
00c2b76966cc18c09e865cf827fb4c7a3d294a6c,23ea1e0e-8c12-4f86-b41e-324fa903199a
00c9c8a970574dd80617c4d63493567d45f87888,90505781-1553-4a85-a2ed-bea6d5c00f6c
00c9c8a970574dd80617c4d63493567d45f87888,8cb24734-bd43-4161-8a1f-f2bb653d0344
00c9c8a970574dd80617c4d63493567d45f87888,98ca84f9-614f-48fc-9d6c-82fe2859649e
00cb8781b1c991659b9ba6e525eaadf13fe8f359,90505781-1553-4a85-a2ed-bea6d5c00f6c
00cb8781b1c991659b9ba6e525eaadf13fe8f359,8cb24734-bd43-4161-8a1f-f2bb653d0344
00cb8781b1c991659b9ba6e525eaadf13fe8f359,98ca84f9-614f-48fc-9d6c-82fe2859649e
00d3c2608f64f432f21a7749b9c674c94170d17e,cb62c4b1-7a1c-42fc-9e69-8a9c58cd36af
00d751c11cf2390626d051bcbda4a70cb9355a38,90505781-1553-4a85-a2ed-bea6d5c00f6c
00d751c11cf2390626d051bcbda4a70cb9355a38,8cb24734-bd43-4161-8a1f-f2bb653d0344
00d751c11cf2390626d051bcbda4a70cb9355a38,98ca84f9-614f-48fc-9d6c-82fe2859649e
00d751c11cf2390626d051bcbda4a70cb9355a38,2910c7f5-eba8-4e66-b06f-f94e81b7a114
00d751c11cf2390626d051bcbda4a70cb9355a38,eac18b54-200e-42d9-b1ee-9c8ef8531be2
00d751c11cf2390626d051bcbda4a70cb9355a38,14b229f0-5db0-45c8-8e38-464391cd9833
00d76f20f303c6829e23a4a9bfb9af4af3871c0c,9a4f4824-8142-4a2c-9f17-610b3593c54e
00d76f20f303c6829e23a4a9bfb9af4af3871c0c,f163b0aa-2dc9-4ab6-9d30-d0fad71d0fd9
00d76f20f303c6829e23a4a9bfb9af4af3871c0c,828416ca-06bf-4084-a246-0edc642882bb
00e26133551f152f4c8913c5442238d30a63ef79,403ea468-8258-400f-b868-9bf8c36a6dd3
00e26133551f152f4c8913c5442238d30a63ef79,2f1e9b1e-301c-49fc-b652-ae4ba96a0154
00e34b7351b6f7104218a7a09ee22aedcc927d4b,a30f691d-e14d-4a6f-95dc-e65fd2f9ac65
00e34b7351b6f7104218a7a09ee22aedcc927d4b,50c80a9e-0782-4ffc-8db5-94f3d9a99549
00e34b7351b6f7104218a7a09ee22aedcc927d4b,6b5058f6-ac40-4f20-ba9f-667818bb37f4
00e34b7351b6f7104218a7a09ee22aedcc927d4b,dc3c2d84-fadf-4ca7-b3ef-0f9c06963856
00e65d86d2b4600508d3f76a940da7a36cee04a9,c3616762-7401-4b3b-8fa0-5415cbaac9cf
00e65d86d2b4600508d3f76a940da7a36cee04a9,90ea2e0f-7dbd-469d-a32e-5426b7322a23
00f2dc9cd83b6730ff3c458b73d6c5507dcc36e4,60f76a21-8aa5-4b31-9df3-16a26e73f2a1
00f2dc9cd83b6730ff3c458b73d6c5507dcc36e4,4033b765-599f-4bc0-9e12-fa4404c77f5c
00f2dc9cd83b6730ff3c458b73d6c5507dcc36e4,8c5be273-367c-4a4d-91da-3c333faa6986
00fcd279bc6e702cfa72bf98c381242b25fd1734,c6e657e9-fe0f-4f20-9f99-5683b2117a95
00fcd279bc6e702cfa72bf98c381242b25fd1734,c52317c0-40d3-47ac-836f-44f7fb7d033c
00fcd279bc6e702cfa72bf98c381242b25fd1734,18a50785-8cfc-4865-98ee-855bccd19ccb
00fcd279bc6e702cfa72bf98c381242b25fd1734,0dd6c414-2780-4ede-9161-d3a9ef9d2d3b
0101bef3602965eb124803564e37141cff2333ea,60f76a21-8aa5-4b31-9df3-16a26e73f2a1
011341dc87edea1fdc9aafe7020e8896fb9672b8,c3616762-7401-4b3b-8fa0-5415cbaac9cf
011341dc87edea1fdc9aafe7020e8896fb9672b8,90ea2e0f-7dbd-469d-a32e-5426b7322a23
011341dc87edea1fdc9aafe7020e8896fb9672b8,126bf663-a26b-48ec-8d60-d26f27ad904f
011341dc87edea1fdc9aafe7020e8896fb9672b8,6acde606-c7cb-4718-8199-c42a7420cee4
011341dc87edea1fdc9aafe7020e8896fb9672b8,90d82cfc-f575-45ed-b865-01e0a070688e
01135d952acc731742fd20b9b2d4915c4c169950,403ea468-8258-400f-b868-9bf8c36a6dd3
01135d952acc731742fd20b9b2d4915c4c169950,2f1e9b1e-301c-49fc-b652-ae4ba96a0154
01139f79fb260e1bd06f423cb21522b3e41b31e9,9a4f4824-8142-4a2c-9f17-610b3593c54e
01139f79fb260e1bd06f423cb21522b3e41b31e9,f163b0aa-2dc9-4ab6-9d30-d0fad71d0fd9
01139f79fb260e1bd06f423cb21522b3e41b31e9,828416ca-06bf-4084-a246-0edc642882bb
01195a0ceb2ca420405c96ebcabc7718c1e78ac8,c3616762-7401-4b3b-8fa0-5415cbaac9cf
011961296d458fbf1d605e58f49497e7a8f6f011,921d96ae-72db-40bf-9039-4e51bc8f3e2a
011961296d458fbf1d605e58f49497e7a8f6f011,e8931405-e625-49b7-8d94-68dce6d5e06f
011efa271f4a51f73312e407d84161b7819ab066,9a4f4824-8142-4a2c-9f17-610b3593c54e
011efa271f4a51f73312e407d84161b7819ab066,f163b0aa-2dc9-4ab6-9d30-d0fad71d0fd9
011efa271f4a51f73312e407d84161b7819ab066,828416ca-06bf-4084-a246-0edc642882bb
0125abc6b5f4b4e1c9b87c4735fc8313c0600c88,9d33a2d9-3383-4f80-ba9c-caff450b660d
0125abc6b5f4b4e1c9b87c4735fc8313c0600c88,94802ae3-d092-4b68-b5f0-d781ce4b3e0d
01322d3f7039eaed09ce4fa77dc4efb122e400a2,90505781-1553-4a85-a2ed-bea6d5c00f6c
01322d3f7039eaed09ce4fa77dc4efb122e400a2,8cb24734-bd43-4161-8a1f-f2bb653d0344
01322d3f7039eaed09ce4fa77dc4efb122e400a2,98ca84f9-614f-48fc-9d6c-82fe2859649e
01322d3f7039eaed09ce4fa77dc4efb122e400a2,2910c7f5-eba8-4e66-b06f-f94e81b7a114
0134db5adf50c471906cbffa0d2f6a4fcbc0ae01,921d96ae-72db-40bf-9039-4e51bc8f3e2a
0134db5adf50c471906cbffa0d2f6a4fcbc0ae01,e8931405-e625-49b7-8d94-68dce6d5e06f
0134db5adf50c471906cbffa0d2f6a4fcbc0ae01,5f09bac7-3811-4feb-b742-374ba2756a11
0134db5adf50c471906cbffa0d2f6a4fcbc0ae01,f83e0f18-10d4-40a8-9071-d2eacdefb71f
0134db5adf50c471906cbffa0d2f6a4fcbc0ae01,45dd6061-5de9-486b-a7e7-a583aa5c5211
0134db5adf50c471906cbffa0d2f6a4fcbc0ae01,8a9d385b-f2ad-42e9-a337-8ba40ea4383c
01383cf064a9963054b5416c04cc421100656892,60f76a21-8aa5-4b31-9df3-16a26e73f2a1
01383cf064a9963054b5416c04cc421100656892,4033b765-599f-4bc0-9e12-fa4404c77f5c
013fc96537baedea3e397d057be8404aa93d5299,403ea468-8258-400f-b868-9bf8c36a6dd3
0140b503a44298915542b284f66ecd8e5adc737b,c3616762-7401-4b3b-8fa0-5415cbaac9cf
0140b503a44298915542b284f66ecd8e5adc737b,90ea2e0f-7dbd-469d-a32e-5426b7322a23
0140b503a44298915542b284f66ecd8e5adc737b,126bf663-a26b-48ec-8d60-d26f27ad904f
0140b503a44298915542b284f66ecd8e5adc737b,6acde606-c7cb-4718-8199-c42a7420cee4
0140b503a44298915542b284f66ecd8e5adc737b,90d82cfc-f575-45ed-b865-01e0a070688e
0140b503a44298915542b284f66ecd8e5adc737b,4916e530-9459-491f-9584-0a6fed6fad41
01458da3d3902e6ccd4b8af92cd22553596da923,cb62c4b1-7a1c-42fc-9e69-8a9c58cd36af
01458da3d3902e6ccd4b8af92cd22553596da923,9909dd6c-e2cd-4def-853f-a00fc9946b43
01458da3d3902e6ccd4b8af92cd22553596da923,ce3ee31e-069d-45ee-b401-3411af5ff357
0149c0f5b7985d17afc516d932dd17c4205fd4ba,cb62c4b1-7a1c-42fc-9e69-8a9c58cd36af
0149c0f5b7985d17afc516d932dd17c4205fd4ba,9909dd6c-e2cd-4def-853f-a00fc9946b43
0149c0f5b7985d17afc516d932dd17c4205fd4ba,ce3ee31e-069d-45ee-b401-3411af5ff357
0149c0f5b7985d17afc516d932dd17c4205fd4ba,bfa9da52-37f9-4fb6-bcc6-257a58e33252
0149c0f5b7985d17afc516d932dd17c4205fd4ba,7f86c286-c4e9-40fa-9fe2-9d8c62cb281f
014cf690afedcb7d8fddaa9d6770f162385ffc99,921d96ae-72db-40bf-9039-4e51bc8f3e2a
014cf690afedcb7d8fddaa9d6770f162385ffc99,e8931405-e625-49b7-8d94-68dce6d5e06f
014cf690afedcb7d8fddaa9d6770f162385ffc99,5f09bac7-3811-4feb-b742-374ba2756a11
014cf690afedcb7d8fddaa9d6770f162385ffc99,f83e0f18-10d4-40a8-9071-d2eacdefb71f
014cf690afedcb7d8fddaa9d6770f162385ffc99,45dd6061-5de9-486b-a7e7-a583aa5c5211
014cf690afedcb7d8fddaa9d6770f162385ffc99,8a9d385b-f2ad-42e9-a337-8ba40ea4383c
0150286dd10c0e18fd86a08603fd32343ba73d46,1f660445-ef9f-4d26-82de-0c5bc32cb009
0150286dd10c0e18fd86a08603fd32343ba73d46,cb66020e-b9e1-4ff6-a26f-02fca5b10d1d
0150286dd10c0e18fd86a08603fd32343ba73d46,df9a8411-ebab-41ca-b55c-97580d0f3fc4
0150286dd10c0e18fd86a08603fd32343ba73d46,db20f82f-6b21-4d91-858e-128b71e3945f
0150286dd10c0e18fd86a08603fd32343ba73d46,b2a6f1af-9599-477c-a763-65abb8c97f31
0150286dd10c0e18fd86a08603fd32343ba73d46,23ea1e0e-8c12-4f86-b41e-324fa903199a
0151ab779171add3177b5eacc5b42fed8d924e26,921d96ae-72db-40bf-9039-4e51bc8f3e2a
0151ab779171add3177b5eacc5b42fed8d924e26,e8931405-e625-49b7-8d94-68dce6d5e06f
0151ab779171add3177b5eacc5b42fed8d924e26,5f09bac7-3811-4feb-b742-374ba2756a11
0151ab779171add3177b5eacc5b42fed8d924e26,f83e0f18-10d4-40a8-9071-d2eacdefb71f
0151ab779171add3177b5eacc5b42fed8d924e26,45dd6061-5de9-486b-a7e7-a583aa5c5211
0152f2ba5f4765a313e4e41f735a37fca52a2a59,60f76a21-8aa5-4b31-9df3-16a26e73f2a1
0152f2ba5f4765a313e4e41f735a37fca52a2a59,4033b765-599f-4bc0-9e12-fa4404c77f5c
