review_id,author_id
93e48d67-cc8b-4f36-a6fd-950fd8d6b99c,145696419
93e48d67-cc8b-4f36-a6fd-950fd8d6b99c,2023945041
93e48d67-cc8b-4f36-a6fd-950fd8d6b99c,1888102
93e48d67-cc8b-4f36-a6fd-950fd8d6b99c,72091723
93e48d67-cc8b-4f36-a6fd-950fd8d6b99c,1695958
ebf389af-8ed4-4ea7-85e6-1f5307f63aab,1402943721
ebf389af-8ed4-4ea7-85e6-1f5307f63aab,49679382
ebf389af-8ed4-4ea7-85e6-1f5307f63aab,9392149
ebf389af-8ed4-4ea7-85e6-1f5307f63aab,145388224
9b32201c-6bb9-4a19-b4e4-3b687c591926,145364912
9b32201c-6bb9-4a19-b4e4-3b687c591926,47682882
9b32201c-6bb9-4a19-b4e4-3b687c591926,1832291
9b32201c-6bb9-4a19-b4e4-3b687c591926,50488319
84bb9995-2287-4dbf-9900-e74a1a48180d,38295334
84bb9995-2287-4dbf-9900-e74a1a48180d,1726425
84bb9995-2287-4dbf-9900-e74a1a48180d,143823506
84bb9995-2287-4dbf-9900-e74a1a48180d,46481106
84bb9995-2287-4dbf-9900-e74a1a48180d,5371772
6e591d14-5e57-4f24-a025-5e9a216adb19,144004474
6e591d14-5e57-4f24-a025-5e9a216adb19,21058844
6e591d14-5e57-4f24-a025-5e9a216adb19,2607684
6e591d14-5e57-4f24-a025-5e9a216adb19,70205847
8de457ae-7e8d-4c9f-bb6e-67f53e1c2ef3,3320620
8de457ae-7e8d-4c9f-bb6e-67f53e1c2ef3,2443375
8de457ae-7e8d-4c9f-bb6e-67f53e1c2ef3,2412024
8de457ae-7e8d-4c9f-bb6e-67f53e1c2ef3,2091905565
aaa8b0eb-7527-43fc-bfcf-fd7f20bd6afc,1716323
aaa8b0eb-7527-43fc-bfcf-fd7f20bd6afc,1452344900
aaa8b0eb-7527-43fc-bfcf-fd7f20bd6afc,34905047
aaa8b0eb-7527-43fc-bfcf-fd7f20bd6afc,2075376111
aaa8b0eb-7527-43fc-bfcf-fd7f20bd6afc,113134742
040c7ec1-17e7-491c-9bed-2ac169a9853a,1743835
040c7ec1-17e7-491c-9bed-2ac169a9853a,144179343
040c7ec1-17e7-491c-9bed-2ac169a9853a,50488319
040c7ec1-17e7-491c-9bed-2ac169a9853a,1731012
8b5ffd35-510f-41d3-9a42-b0393fc129fc,1394765173
8b5ffd35-510f-41d3-9a42-b0393fc129fc,2493367
8b5ffd35-510f-41d3-9a42-b0393fc129fc,2426181
8b5ffd35-510f-41d3-9a42-b0393fc129fc,40030651
a0261750-eb5c-4214-b8f6-145cfa7792da,11330123
a0261750-eb5c-4214-b8f6-145cfa7792da,50186592
a0261750-eb5c-4214-b8f6-145cfa7792da,73529582
ba283bf1-ff65-4d62-9e5c-1ac25742a09f,30956207
ba283bf1-ff65-4d62-9e5c-1ac25742a09f,2957924
ba283bf1-ff65-4d62-9e5c-1ac25742a09f,143842962
b3ce5f26-56af-45c6-92a1-9339d8fd8f19,1778364
b3ce5f26-56af-45c6-92a1-9339d8fd8f19,1767692
b3ce5f26-56af-45c6-92a1-9339d8fd8f19,144237889
b3ce5f26-56af-45c6-92a1-9339d8fd8f19,2069452458
93f0cb20-adb6-42b1-9316-216523bccda2,2105361
93f0cb20-adb6-42b1-9316-216523bccda2,2025112
93f0cb20-adb6-42b1-9316-216523bccda2,2225845486
93f0cb20-adb6-42b1-9316-216523bccda2,2324546
9b03178a-f923-49d7-b26e-abd37fa31aab,1683556
9b03178a-f923-49d7-b26e-abd37fa31aab,144508067
9b03178a-f923-49d7-b26e-abd37fa31aab,3270882
d5159d4f-bf00-4185-b0e4-08578582ae49,35510243
d5159d4f-bf00-4185-b0e4-08578582ae49,145708964
d5159d4f-bf00-4185-b0e4-08578582ae49,2871176
d5159d4f-bf00-4185-b0e4-08578582ae49,1797654
b97cf912-7c12-4945-80a6-69585fb4f99b,49914182
b97cf912-7c12-4945-80a6-69585fb4f99b,1400943991
b97cf912-7c12-4945-80a6-69585fb4f99b,2552303
b97cf912-7c12-4945-80a6-69585fb4f99b,145536002
fef5cd9b-0559-4e30-9150-8b825fc5ee3b,1797654
fef5cd9b-0559-4e30-9150-8b825fc5ee3b,1803518
fef5cd9b-0559-4e30-9150-8b825fc5ee3b,2625702
7f52b218-ac81-4786-b503-fd2c3cc4461d,2225845486
7f52b218-ac81-4786-b503-fd2c3cc4461d,2787942
7f52b218-ac81-4786-b503-fd2c3cc4461d,51437071
7f52b218-ac81-4786-b503-fd2c3cc4461d,2098939
c4abdd4c-8910-47d1-90a4-1dadb9f47b53,50378805
c4abdd4c-8910-47d1-90a4-1dadb9f47b53,1747491
c4abdd4c-8910-47d1-90a4-1dadb9f47b53,22574075
68a96e2b-92d4-4b90-80c1-a84c3a02c7f5,152879053
68a96e2b-92d4-4b90-80c1-a84c3a02c7f5,2225845486
68a96e2b-92d4-4b90-80c1-a84c3a02c7f5,1686193
68a96e2b-92d4-4b90-80c1-a84c3a02c7f5,2285071262
e3bde107-e1e1-4772-aea5-6fdcddf7c6a7,36604738
e3bde107-e1e1-4772-aea5-6fdcddf7c6a7,1760085
e3bde107-e1e1-4772-aea5-6fdcddf7c6a7,1700482
e3bde107-e1e1-4772-aea5-6fdcddf7c6a7,1715407
e3bde107-e1e1-4772-aea5-6fdcddf7c6a7,2089829
695f7ded-a4a7-4dd5-803a-50bbec3fb624,1733122
695f7ded-a4a7-4dd5-803a-50bbec3fb624,2173160556
695f7ded-a4a7-4dd5-803a-50bbec3fb624,1418344043
1d611731-5e83-422d-ad74-4341fdc6caca,1680306
1d611731-5e83-422d-ad74-4341fdc6caca,145064289
1d611731-5e83-422d-ad74-4341fdc6caca,145508283
1d611731-5e83-422d-ad74-4341fdc6caca,52615500
e0ef419d-d73b-424f-a9c0-fb3aff9de171,145215783
e0ef419d-d73b-424f-a9c0-fb3aff9de171,2116388691
e0ef419d-d73b-424f-a9c0-fb3aff9de171,30909071
e0ef419d-d73b-424f-a9c0-fb3aff9de171,2109336475
e0ef419d-d73b-424f-a9c0-fb3aff9de171,4383002
c703d15e-a8df-47ef-8811-fb182add5ca5,83360169
c703d15e-a8df-47ef-8811-fb182add5ca5,2919717
c703d15e-a8df-47ef-8811-fb182add5ca5,1759803
c703d15e-a8df-47ef-8811-fb182add5ca5,1388404060
bcaa09ff-f197-4e33-a96c-657ec4fa2750,1394765173
bcaa09ff-f197-4e33-a96c-657ec4fa2750,119803948
bcaa09ff-f197-4e33-a96c-657ec4fa2750,1713331
bcaa09ff-f197-4e33-a96c-657ec4fa2750,143989442
bcaa09ff-f197-4e33-a96c-657ec4fa2750,144163068
c685948e-ce90-433d-88ff-673d1f90ac1c,1770486
c685948e-ce90-433d-88ff-673d1f90ac1c,46221898
c685948e-ce90-433d-88ff-673d1f90ac1c,11618874
c685948e-ce90-433d-88ff-673d1f90ac1c,2098939
c685948e-ce90-433d-88ff-673d1f90ac1c,1710856
dd5e39ad-25b5-480a-b61e-c48347a8fc86,153446958
dd5e39ad-25b5-480a-b61e-c48347a8fc86,1767692
dd5e39ad-25b5-480a-b61e-c48347a8fc86,1743133
dd5e39ad-25b5-480a-b61e-c48347a8fc86,71064586
47d02f21-1a03-4f59-a532-f19c2e2756b0,1399291986
47d02f21-1a03-4f59-a532-f19c2e2756b0,2357983
47d02f21-1a03-4f59-a532-f19c2e2756b0,1733783
47d02f21-1a03-4f59-a532-f19c2e2756b0,2176433
47d02f21-1a03-4f59-a532-f19c2e2756b0,1725298
bf602197-b1a4-4716-976a-459325e3049d,1733122
bf602197-b1a4-4716-976a-459325e3049d,2507796
bf602197-b1a4-4716-976a-459325e3049d,2443375
bf602197-b1a4-4716-976a-459325e3049d,1730590
bf602197-b1a4-4716-976a-459325e3049d,2825246
99171fe3-976e-48ed-9721-8c877c4567b2,144298043
99171fe3-976e-48ed-9721-8c877c4567b2,144463965
99171fe3-976e-48ed-9721-8c877c4567b2,2057331457
3181a21e-4113-4741-9489-1fd717fb256a,4502458
3181a21e-4113-4741-9489-1fd717fb256a,144381875
3181a21e-4113-4741-9489-1fd717fb256a,145508283
3181a21e-4113-4741-9489-1fd717fb256a,145495343
e3e8776e-25ab-40ca-ac2c-8e2bf9744233,2112820873
e3e8776e-25ab-40ca-ac2c-8e2bf9744233,22708729
e3e8776e-25ab-40ca-ac2c-8e2bf9744233,145231705
e3e8776e-25ab-40ca-ac2c-8e2bf9744233,22708544
8b7ea3b2-ce54-4fd5-b36c-466d14f8fabd,1808500
8b7ea3b2-ce54-4fd5-b36c-466d14f8fabd,1800120
8b7ea3b2-ce54-4fd5-b36c-466d14f8fabd,22708544
8b7ea3b2-ce54-4fd5-b36c-466d14f8fabd,3076734
8b7ea3b2-ce54-4fd5-b36c-466d14f8fabd,2275592032
068ee7f9-913c-4ef7-ad0d-b0918aa83538,40400362
068ee7f9-913c-4ef7-ad0d-b0918aa83538,9808011
068ee7f9-913c-4ef7-ad0d-b0918aa83538,3007154
068ee7f9-913c-4ef7-ad0d-b0918aa83538,34905047
068ee7f9-913c-4ef7-ad0d-b0918aa83538,1730590
a578b96d-d827-438c-a525-b8fe231d83ae,32691087
a578b96d-d827-438c-a525-b8fe231d83ae,144971290
a578b96d-d827-438c-a525-b8fe231d83ae,145495343
a578b96d-d827-438c-a525-b8fe231d83ae,31682040
7ef9b38d-b57e-4758-be6e-543aa7da073d,146682888
7ef9b38d-b57e-4758-be6e-543aa7da073d,48792798
7ef9b38d-b57e-4758-be6e-543aa7da073d,2126316
7ef9b38d-b57e-4758-be6e-543aa7da073d,48190770
7ef9b38d-b57e-4758-be6e-543aa7da073d,11735268
b301d887-7fae-467c-85ba-9978dd6c86f4,31682040
b301d887-7fae-467c-85ba-9978dd6c86f4,3122645
b301d887-7fae-467c-85ba-9978dd6c86f4,2806064
b301d887-7fae-467c-85ba-9978dd6c86f4,32691087
8cd7edb7-8673-4a17-9d57-fea887ca9064,1906922
8cd7edb7-8673-4a17-9d57-fea887ca9064,7144057
8cd7edb7-8673-4a17-9d57-fea887ca9064,152879053
a294c49b-ce7a-47f7-9a9f-db90bf00cb9e,2493367
a294c49b-ce7a-47f7-9a9f-db90bf00cb9e,1809270
a294c49b-ce7a-47f7-9a9f-db90bf00cb9e,145215033
a294c49b-ce7a-47f7-9a9f-db90bf00cb9e,3320620
39535146-73fc-4992-a678-84334b3081dd,2143549636
39535146-73fc-4992-a678-84334b3081dd,2552303
39535146-73fc-4992-a678-84334b3081dd,2440316
e1ff80a5-1da3-433a-8788-72e75e98f011,1743774
e1ff80a5-1da3-433a-8788-72e75e98f011,2109847248
e1ff80a5-1da3-433a-8788-72e75e98f011,3438088
e1ff80a5-1da3-433a-8788-72e75e98f011,1738145
718f0328-339b-47e3-8645-637066517265,143906110
718f0328-339b-47e3-8645-637066517265,32446495
718f0328-339b-47e3-8645-637066517265,1736546
5ec80245-489b-42bb-be32-5954e28d05e1,4383002
5ec80245-489b-42bb-be32-5954e28d05e1,46481106
5ec80245-489b-42bb-be32-5954e28d05e1,49894422
f6c5b5b8-0f21-4ead-9cf8-b96aa5716adf,48077877
f6c5b5b8-0f21-4ead-9cf8-b96aa5716adf,39592606
f6c5b5b8-0f21-4ead-9cf8-b96aa5716adf,52367308
f6c5b5b8-0f21-4ead-9cf8-b96aa5716adf,2493367
f6c5b5b8-0f21-4ead-9cf8-b96aa5716adf,34905047
93d6d9d4-f50b-45ed-b115-5368f3f1a444,22708729
93d6d9d4-f50b-45ed-b115-5368f3f1a444,6630757
93d6d9d4-f50b-45ed-b115-5368f3f1a444,35327641
93d6d9d4-f50b-45ed-b115-5368f3f1a444,3122645
40e3424a-7a0f-49ce-9027-e93a94ceb4d8,1738145
40e3424a-7a0f-49ce-9027-e93a94ceb4d8,34905047
40e3424a-7a0f-49ce-9027-e93a94ceb4d8,2320954
40e3424a-7a0f-49ce-9027-e93a94ceb4d8,2068611376
40e3424a-7a0f-49ce-9027-e93a94ceb4d8,1758755
2dbaa1f8-63f0-4dd6-9074-55c93c2e62fe,90643212
2dbaa1f8-63f0-4dd6-9074-55c93c2e62fe,51437071
2dbaa1f8-63f0-4dd6-9074-55c93c2e62fe,1703130
2dbaa1f8-63f0-4dd6-9074-55c93c2e62fe,145688317
2dbaa1f8-63f0-4dd6-9074-55c93c2e62fe,1803518
77222d1e-95f2-4e46-a7ee-dc32f9a939c2,144772155
77222d1e-95f2-4e46-a7ee-dc32f9a939c2,47531065
77222d1e-95f2-4e46-a7ee-dc32f9a939c2,9808011
0d68717d-e4b3-4301-9c76-ecf12726f49a,50488319
0d68717d-e4b3-4301-9c76-ecf12726f49a,81753199
0d68717d-e4b3-4301-9c76-ecf12726f49a,8625509
0d68717d-e4b3-4301-9c76-ecf12726f49a,144796684
93f6a822-1492-41bb-a2c9-98540634741d,1888102
93f6a822-1492-41bb-a2c9-98540634741d,2108105012
93f6a822-1492-41bb-a2c9-98540634741d,1978719
f8ba0944-c816-4ee3-b430-02a3ef7f97b9,7855312
f8ba0944-c816-4ee3-b430-02a3ef7f97b9,46221898
f8ba0944-c816-4ee3-b430-02a3ef7f97b9,145696419
f8ba0944-c816-4ee3-b430-02a3ef7f97b9,8511875
2fa2d532-3d12-4108-a2d9-5bcabdeaf6aa,50053016
2fa2d532-3d12-4108-a2d9-5bcabdeaf6aa,32691087
2fa2d532-3d12-4108-a2d9-5bcabdeaf6aa,143906110
5a878305-f59d-40a3-a551-951e5e876b49,3185110
5a878305-f59d-40a3-a551-951e5e876b49,1978719
5a878305-f59d-40a3-a551-951e5e876b49,1690633
5a878305-f59d-40a3-a551-951e5e876b49,1809333
5a878305-f59d-40a3-a551-951e5e876b49,1800120
5b1c6c51-da7c-42fc-9a3b-2394c07078e8,1726792
5b1c6c51-da7c-42fc-9a3b-2394c07078e8,2230763
5b1c6c51-da7c-42fc-9a3b-2394c07078e8,2173160556
5b1c6c51-da7c-42fc-9a3b-2394c07078e8,2919717
f0e48fe6-1a53-4d30-a1f2-aa433ad29b02,4713365
f0e48fe6-1a53-4d30-a1f2-aa433ad29b02,72091723
f0e48fe6-1a53-4d30-a1f2-aa433ad29b02,145231705
1b0c91ea-c738-467b-9633-20fcf826dde5,118461124
1b0c91ea-c738-467b-9633-20fcf826dde5,2075376111
1b0c91ea-c738-467b-9633-20fcf826dde5,8719844
1b0c91ea-c738-467b-9633-20fcf826dde5,50053016
1980bb12-af1e-4d61-acaf-e82d6e13e1a8,2112820873
1980bb12-af1e-4d61-acaf-e82d6e13e1a8,1759803
1980bb12-af1e-4d61-acaf-e82d6e13e1a8,145910180
1980bb12-af1e-4d61-acaf-e82d6e13e1a8,103296599
ce5d736b-3a26-49f8-bcde-e454015e469d,1703130
ce5d736b-3a26-49f8-bcde-e454015e469d,2550618
ce5d736b-3a26-49f8-bcde-e454015e469d,2249589263
ce5d736b-3a26-49f8-bcde-e454015e469d,2320954
ce5d736b-3a26-49f8-bcde-e454015e469d,2116388691
b5bb5332-1239-4966-9e91-966f7269c91f,30909071
b5bb5332-1239-4966-9e91-966f7269c91f,2426181
b5bb5332-1239-4966-9e91-966f7269c91f,46481106
b5bb5332-1239-4966-9e91-966f7269c91f,3192444
b19ec6d0-e9c3-400e-9830-99fe0fae4cd7,48630276
b19ec6d0-e9c3-400e-9830-99fe0fae4cd7,2584469
b19ec6d0-e9c3-400e-9830-99fe0fae4cd7,2168490
b19ec6d0-e9c3-400e-9830-99fe0fae4cd7,1836113
b19ec6d0-e9c3-400e-9830-99fe0fae4cd7,50193797
079570ba-d6c3-460c-87d4-b38e5bb73e09,144823759
079570ba-d6c3-460c-87d4-b38e5bb73e09,31323598
079570ba-d6c3-460c-87d4-b38e5bb73e09,153446958
2f717a69-c5c6-4d3d-9db8-d77dd59012af,144834571
2f717a69-c5c6-4d3d-9db8-d77dd59012af,1680621
2f717a69-c5c6-4d3d-9db8-d77dd59012af,1682878
2f717a69-c5c6-4d3d-9db8-d77dd59012af,11735268
2f717a69-c5c6-4d3d-9db8-d77dd59012af,145388224
3e688685-27da-4e40-9112-34283f918965,144237889
3e688685-27da-4e40-9112-34283f918965,2108105012
3e688685-27da-4e40-9112-34283f918965,1803518
12d69cfe-885f-4186-8693-d717a68f082d,1761581
12d69cfe-885f-4186-8693-d717a68f082d,3087532
12d69cfe-885f-4186-8693-d717a68f082d,70048683
12d69cfe-885f-4186-8693-d717a68f082d,46611479
12d69cfe-885f-4186-8693-d717a68f082d,1836113
20311f00-d519-4c82-8ed3-27a581b133f4,1713331
20311f00-d519-4c82-8ed3-27a581b133f4,1701316
20311f00-d519-4c82-8ed3-27a581b133f4,3205754
20311f00-d519-4c82-8ed3-27a581b133f4,1800120
7e4bdb09-141e-4ba6-bc53-7aad25515e6e,3320620
7e4bdb09-141e-4ba6-bc53-7aad25515e6e,30772377
7e4bdb09-141e-4ba6-bc53-7aad25515e6e,145890221
93b683bc-ead2-40c6-8e7d-7a6619d417cb,30909071
93b683bc-ead2-40c6-8e7d-7a6619d417cb,2493367
93b683bc-ead2-40c6-8e7d-7a6619d417cb,144064235
93b683bc-ead2-40c6-8e7d-7a6619d417cb,66315156
64e1cf68-0f74-4e95-a926-8a573de92e0b,9192419
64e1cf68-0f74-4e95-a926-8a573de92e0b,2701404
64e1cf68-0f74-4e95-a926-8a573de92e0b,143701176
f0f26fe8-5ecd-4be5-96e4-06417b81e9f1,1809270
f0f26fe8-5ecd-4be5-96e4-06417b81e9f1,1709901
f0f26fe8-5ecd-4be5-96e4-06417b81e9f1,2109336475
68acae8a-94c3-45dd-9c72-0c597c67dddf,144237889
68acae8a-94c3-45dd-9c72-0c597c67dddf,2293098
68acae8a-94c3-45dd-9c72-0c597c67dddf,2108105012
68acae8a-94c3-45dd-9c72-0c597c67dddf,2078607
68acae8a-94c3-45dd-9c72-0c597c67dddf,2957924
980d0c00-84a8-4810-88f0-33a471f026ad,6989114
980d0c00-84a8-4810-88f0-33a471f026ad,50193797
980d0c00-84a8-4810-88f0-33a471f026ad,1836113
980d0c00-84a8-4810-88f0-33a471f026ad,1717955
f95fae2b-16ad-4b7d-86f8-b109fed20bf0,46610789
f95fae2b-16ad-4b7d-86f8-b109fed20bf0,2328680
f95fae2b-16ad-4b7d-86f8-b109fed20bf0,1716323
f95fae2b-16ad-4b7d-86f8-b109fed20bf0,1988489309
8e6e0359-88f2-4dfd-a3f1-c96c7804e5da,9392149
8e6e0359-88f2-4dfd-a3f1-c96c7804e5da,2794091
8e6e0359-88f2-4dfd-a3f1-c96c7804e5da,47531065
8e6e0359-88f2-4dfd-a3f1-c96c7804e5da,49401455
7a9f8e99-e0dd-47f9-b240-3eb9bb6c62e2,2225845486
7a9f8e99-e0dd-47f9-b240-3eb9bb6c62e2,34772704
7a9f8e99-e0dd-47f9-b240-3eb9bb6c62e2,34440628
7a9f8e99-e0dd-47f9-b240-3eb9bb6c62e2,2836331
7a9f8e99-e0dd-47f9-b240-3eb9bb6c62e2,3305291
e9c00a3c-987c-4acc-acc7-ef0b2d24acf0,40030651
e9c00a3c-987c-4acc-acc7-ef0b2d24acf0,145009388
e9c00a3c-987c-4acc-acc7-ef0b2d24acf0,1685720696
c53cb89a-6fae-4661-801e-44de94a67b9f,21744050
c53cb89a-6fae-4661-801e-44de94a67b9f,2787942
c53cb89a-6fae-4661-801e-44de94a67b9f,145890221
c53cb89a-6fae-4661-801e-44de94a67b9f,40400362
0e409e51-cb70-4d3e-a151-9592fa4836e9,153316774
0e409e51-cb70-4d3e-a151-9592fa4836e9,143823506
0e409e51-cb70-4d3e-a151-9592fa4836e9,1399291986
0cf6809a-7865-4504-af50-42b6b322dff3,2157241745
0cf6809a-7865-4504-af50-42b6b322dff3,144743909
0cf6809a-7865-4504-af50-42b6b322dff3,143989442
0cf6809a-7865-4504-af50-42b6b322dff3,1692152
b3a2d322-051c-4ab8-a4f8-7cc6033743dc,51040845
b3a2d322-051c-4ab8-a4f8-7cc6033743dc,2701404
b3a2d322-051c-4ab8-a4f8-7cc6033743dc,2495534
050d305b-d07f-454a-b554-6ba59abf358c,31682040
050d305b-d07f-454a-b554-6ba59abf358c,145495343
050d305b-d07f-454a-b554-6ba59abf358c,38534019
050d305b-d07f-454a-b554-6ba59abf358c,116853525
9bd60874-4377-4b76-a136-ced1eadd3cfd,2304487
9bd60874-4377-4b76-a136-ced1eadd3cfd,1411043056
9bd60874-4377-4b76-a136-ced1eadd3cfd,31682040
9bd60874-4377-4b76-a136-ced1eadd3cfd,2764631
f99a6e24-f505-4b1a-89c6-69f1f4b5eb71,2091905565
f99a6e24-f505-4b1a-89c6-69f1f4b5eb71,8552088
f99a6e24-f505-4b1a-89c6-69f1f4b5eb71,1776968
f99a6e24-f505-4b1a-89c6-69f1f4b5eb71,39452145
f99a6e24-f505-4b1a-89c6-69f1f4b5eb71,1733783
ac360dba-d977-4508-8edc-7ace93d249e5,2075376111
ac360dba-d977-4508-8edc-7ace93d249e5,1744394
ac360dba-d977-4508-8edc-7ace93d249e5,1982649
ac360dba-d977-4508-8edc-7ace93d249e5,119803948
ac360dba-d977-4508-8edc-7ace93d249e5,1686360
14821137-0a50-4dfc-95fd-1bd5ef769404,143775527
14821137-0a50-4dfc-95fd-1bd5ef769404,145999401
14821137-0a50-4dfc-95fd-1bd5ef769404,1752475
fdfe33ed-3b1e-4029-85b9-f22beaaf0f54,143628853
fdfe33ed-3b1e-4029-85b9-f22beaaf0f54,2059043
fdfe33ed-3b1e-4029-85b9-f22beaaf0f54,1741158
fdfe33ed-3b1e-4029-85b9-f22beaaf0f54,3122645
f506e649-483a-48b2-9241-94eac4b69acb,7337091
f506e649-483a-48b2-9241-94eac4b69acb,2443375
f506e649-483a-48b2-9241-94eac4b69acb,1785624
291b873e-3f6c-4015-ba75-c2d06b720bd6,143966331
291b873e-3f6c-4015-ba75-c2d06b720bd6,1873312
291b873e-3f6c-4015-ba75-c2d06b720bd6,145190435
291b873e-3f6c-4015-ba75-c2d06b720bd6,2110851001
291b873e-3f6c-4015-ba75-c2d06b720bd6,1742930
2cf6ad1c-aa1f-4566-8dc3-02d8c7633bec,8719844
2cf6ad1c-aa1f-4566-8dc3-02d8c7633bec,143989442
2cf6ad1c-aa1f-4566-8dc3-02d8c7633bec,2805650
2cf6ad1c-aa1f-4566-8dc3-02d8c7633bec,21744050
cf582fb0-1953-4960-981f-38f1a9a43513,1418344043
cf582fb0-1953-4960-981f-38f1a9a43513,2495534
cf582fb0-1953-4960-981f-38f1a9a43513,2304487
cf582fb0-1953-4960-981f-38f1a9a43513,46481106
d50f0954-b3cf-4928-b941-bf65df4328f5,33726843
d50f0954-b3cf-4928-b941-bf65df4328f5,144796684
d50f0954-b3cf-4928-b941-bf65df4328f5,145688317
d50f0954-b3cf-4928-b941-bf65df4328f5,2625702
d50f0954-b3cf-4928-b941-bf65df4328f5,143836892
31c687cb-709c-4029-a1eb-3f2bef9a0f03,8176724
31c687cb-709c-4029-a1eb-3f2bef9a0f03,3007154
31c687cb-709c-4029-a1eb-3f2bef9a0f03,123064042
31c687cb-709c-4029-a1eb-3f2bef9a0f03,2249589263
31c687cb-709c-4029-a1eb-3f2bef9a0f03,2116328984
fbf69f89-f7a3-4024-8f0c-b990e582313f,1916288
fbf69f89-f7a3-4024-8f0c-b990e582313f,3899780
fbf69f89-f7a3-4024-8f0c-b990e582313f,52367308
fbf69f89-f7a3-4024-8f0c-b990e582313f,2550618
fbf69f89-f7a3-4024-8f0c-b990e582313f,1690633
7147efeb-11ed-4a50-95cd-2949a094e5bc,1731012
7147efeb-11ed-4a50-95cd-2949a094e5bc,1798691
7147efeb-11ed-4a50-95cd-2949a094e5bc,123064042
7147efeb-11ed-4a50-95cd-2949a094e5bc,46610789
9af03add-6c05-44e1-a66f-f7282cc84a2f,51042372
9af03add-6c05-44e1-a66f-f7282cc84a2f,1730590
9af03add-6c05-44e1-a66f-f7282cc84a2f,72091723
9af03add-6c05-44e1-a66f-f7282cc84a2f,9077801
9af03add-6c05-44e1-a66f-f7282cc84a2f,144381875
e6bc31bc-7ef9-46f9-90d2-a08bfccb7c39,1730314
e6bc31bc-7ef9-46f9-90d2-a08bfccb7c39,72091723
e6bc31bc-7ef9-46f9-90d2-a08bfccb7c39,1888102
e6bc31bc-7ef9-46f9-90d2-a08bfccb7c39,26591876
4535ee98-d3d5-4b70-9686-27ca68ecb8b0,2249607014
4535ee98-d3d5-4b70-9686-27ca68ecb8b0,145748799
4535ee98-d3d5-4b70-9686-27ca68ecb8b0,48546175
4535ee98-d3d5-4b70-9686-27ca68ecb8b0,145141931
f4f4b7a8-99af-49c5-9aa6-e3eac3a4188a,2865522
f4f4b7a8-99af-49c5-9aa6-e3eac3a4188a,3193518
f4f4b7a8-99af-49c5-9aa6-e3eac3a4188a,145341374
f4f4b7a8-99af-49c5-9aa6-e3eac3a4188a,2534790
f4f4b7a8-99af-49c5-9aa6-e3eac3a4188a,2283085
b3006e40-3cd5-4adc-abab-b48dc55498d5,2242129
b3006e40-3cd5-4adc-abab-b48dc55498d5,103296599
b3006e40-3cd5-4adc-abab-b48dc55498d5,2271397816
b3006e40-3cd5-4adc-abab-b48dc55498d5,47555680
b3006e40-3cd5-4adc-abab-b48dc55498d5,1772445
acd6456b-4b9a-4b31-aac5-0d90df4e63d3,2821001
acd6456b-4b9a-4b31-aac5-0d90df4e63d3,39592606
acd6456b-4b9a-4b31-aac5-0d90df4e63d3,2426181
18eee619-a2d7-4cec-bd0a-864c43bef2a5,1773778
18eee619-a2d7-4cec-bd0a-864c43bef2a5,145298798
18eee619-a2d7-4cec-bd0a-864c43bef2a5,2109448525
4c5a64db-14bf-41dc-9070-cd9be72422b4,2116328984
4c5a64db-14bf-41dc-9070-cd9be72422b4,3139251
4c5a64db-14bf-41dc-9070-cd9be72422b4,34820048
4c5a64db-14bf-41dc-9070-cd9be72422b4,2836331
4c5a64db-14bf-41dc-9070-cd9be72422b4,2426181
36924a3f-8b5c-4c23-880a-ee46954cda01,1770486
36924a3f-8b5c-4c23-880a-ee46954cda01,96609713
36924a3f-8b5c-4c23-880a-ee46954cda01,7296001
36924a3f-8b5c-4c23-880a-ee46954cda01,2607684
04fb03ca-da6d-494f-ba7b-8b497a19990d,1797654
04fb03ca-da6d-494f-ba7b-8b497a19990d,2292166946
04fb03ca-da6d-494f-ba7b-8b497a19990d,1906922
50b38dc9-0239-422f-a41f-76c6162de71a,47531065
50b38dc9-0239-422f-a41f-76c6162de71a,2474096
50b38dc9-0239-422f-a41f-76c6162de71a,2173160556
50b38dc9-0239-422f-a41f-76c6162de71a,8511875
50b38dc9-0239-422f-a41f-76c6162de71a,1749716
9b885de5-31dc-48f2-8f27-4f60a0f29f45,2068611376
9b885de5-31dc-48f2-8f27-4f60a0f29f45,144376619
9b885de5-31dc-48f2-8f27-4f60a0f29f45,3438088
9b885de5-31dc-48f2-8f27-4f60a0f29f45,2235792
00f55c59-b13f-4cc1-a0e0-7f1770bf92ce,123064042
00f55c59-b13f-4cc1-a0e0-7f1770bf92ce,2806064
00f55c59-b13f-4cc1-a0e0-7f1770bf92ce,143934203
dc1be8cf-2d1d-41e7-bcc8-4a4322512213,143989442
dc1be8cf-2d1d-41e7-bcc8-4a4322512213,4502458
dc1be8cf-2d1d-41e7-bcc8-4a4322512213,35327641
dc1be8cf-2d1d-41e7-bcc8-4a4322512213,9210928
dc1be8cf-2d1d-41e7-bcc8-4a4322512213,1571154002
6e3247ee-b3ca-4a3c-81ff-24c438a4a81c,2412024
6e3247ee-b3ca-4a3c-81ff-24c438a4a81c,40030651
6e3247ee-b3ca-4a3c-81ff-24c438a4a81c,98232539
4267765c-8cce-43dc-ba59-210cfb9130e9,143966331
4267765c-8cce-43dc-ba59-210cfb9130e9,1916288
4267765c-8cce-43dc-ba59-210cfb9130e9,5019281
4267765c-8cce-43dc-ba59-210cfb9130e9,1767172
ca414d6e-eba0-4f6f-b946-9f3234490a78,46250152
ca414d6e-eba0-4f6f-b946-9f3234490a78,30956207
ca414d6e-eba0-4f6f-b946-9f3234490a78,145009388
ca414d6e-eba0-4f6f-b946-9f3234490a78,143823506
ca414d6e-eba0-4f6f-b946-9f3234490a78,26591876
08ffbcef-3a70-49cf-91f3-f521e03e46a5,1394258787
08ffbcef-3a70-49cf-91f3-f521e03e46a5,1988489309
08ffbcef-3a70-49cf-91f3-f521e03e46a5,1760762
08ffbcef-3a70-49cf-91f3-f521e03e46a5,2764631
08ffbcef-3a70-49cf-91f3-f521e03e46a5,143792160
f9636846-89a2-4ab0-a32a-b0b5790b75e5,71064586
f9636846-89a2-4ab0-a32a-b0b5790b75e5,1808500
f9636846-89a2-4ab0-a32a-b0b5790b75e5,1745330
f9636846-89a2-4ab0-a32a-b0b5790b75e5,2168490
f9636846-89a2-4ab0-a32a-b0b5790b75e5,1748676
64669e02-f8d5-4008-90bf-f3586dc2891b,143823506
64669e02-f8d5-4008-90bf-f3586dc2891b,9192419
64669e02-f8d5-4008-90bf-f3586dc2891b,2148536328
4cec56c2-f555-430c-879f-ab132b07f051,2078607
4cec56c2-f555-430c-879f-ab132b07f051,1785624
4cec56c2-f555-430c-879f-ab132b07f051,3438088
4cec56c2-f555-430c-879f-ab132b07f051,144018135
580e79d0-c85d-41a8-a868-d853c83b0e67,5019281
580e79d0-c85d-41a8-a868-d853c83b0e67,144718788
580e79d0-c85d-41a8-a868-d853c83b0e67,2977596
580e79d0-c85d-41a8-a868-d853c83b0e67,3386346
580e79d0-c85d-41a8-a868-d853c83b0e67,2109434985
05e5cb03-a704-4f56-81a2-45d7eae27a8f,1809270
05e5cb03-a704-4f56-81a2-45d7eae27a8f,2159551
05e5cb03-a704-4f56-81a2-45d7eae27a8f,2176433
05e5cb03-a704-4f56-81a2-45d7eae27a8f,3058439
63f59823-6bb7-419b-91cd-058177310f1a,2440316
63f59823-6bb7-419b-91cd-058177310f1a,46221898
63f59823-6bb7-419b-91cd-058177310f1a,1402943721
63f59823-6bb7-419b-91cd-058177310f1a,46610789
ad718801-323d-40f7-9efd-b54922a1c652,145536002
ad718801-323d-40f7-9efd-b54922a1c652,2947656
ad718801-323d-40f7-9efd-b54922a1c652,144004474
ad718801-323d-40f7-9efd-b54922a1c652,2235792
ad718801-323d-40f7-9efd-b54922a1c652,1705486
33266e94-2706-4031-8df8-4eae12cc231d,2764631
33266e94-2706-4031-8df8-4eae12cc231d,1453328014
33266e94-2706-4031-8df8-4eae12cc231d,1571154002
1a51e44e-1874-4d97-9670-bfc38f92a311,3113695
1a51e44e-1874-4d97-9670-bfc38f92a311,47489005
1a51e44e-1874-4d97-9670-bfc38f92a311,143697651
1a51e44e-1874-4d97-9670-bfc38f92a311,145215033
1a51e44e-1874-4d97-9670-bfc38f92a311,49914182
42904c07-9a03-43e1-9ef1-dbc05b127fa4,3007154
42904c07-9a03-43e1-9ef1-dbc05b127fa4,144064235
42904c07-9a03-43e1-9ef1-dbc05b127fa4,1807113
42904c07-9a03-43e1-9ef1-dbc05b127fa4,2165805082
42904c07-9a03-43e1-9ef1-dbc05b127fa4,2877935
07be1087-4ee9-4698-9667-cf46bda6e6d7,2075376111
07be1087-4ee9-4698-9667-cf46bda6e6d7,2285071262
07be1087-4ee9-4698-9667-cf46bda6e6d7,2957924
07be1087-4ee9-4698-9667-cf46bda6e6d7,2655343
9026f3db-e3fc-41a9-996a-21fa1371406c,1830412825
9026f3db-e3fc-41a9-996a-21fa1371406c,2168490
9026f3db-e3fc-41a9-996a-21fa1371406c,6418979
9026f3db-e3fc-41a9-996a-21fa1371406c,2304487
6f05609d-5383-446b-8355-547768163e35,2825246
6f05609d-5383-446b-8355-547768163e35,1700482
6f05609d-5383-446b-8355-547768163e35,2901129
265d3b31-3b86-4efe-aef8-e5b4a101bea8,22134418
265d3b31-3b86-4efe-aef8-e5b4a101bea8,143882917
265d3b31-3b86-4efe-aef8-e5b4a101bea8,35327641
265d3b31-3b86-4efe-aef8-e5b4a101bea8,2355912
265d3b31-3b86-4efe-aef8-e5b4a101bea8,31323598
7694a457-091c-4bdf-87d1-440a0fe75358,1875442
7694a457-091c-4bdf-87d1-440a0fe75358,2059187518
7694a457-091c-4bdf-87d1-440a0fe75358,119803948
7694a457-091c-4bdf-87d1-440a0fe75358,46250152
4331fc33-2bc3-41cc-9969-39ab6f8031b9,1731012
4331fc33-2bc3-41cc-9969-39ab6f8031b9,90643212
4331fc33-2bc3-41cc-9969-39ab6f8031b9,145231261
4331fc33-2bc3-41cc-9969-39ab6f8031b9,2787942
4331fc33-2bc3-41cc-9969-39ab6f8031b9,143872539
a2909de0-5cef-4134-8cd5-af3100916746,103296599
a2909de0-5cef-4134-8cd5-af3100916746,2109847248
a2909de0-5cef-4134-8cd5-af3100916746,1695958
a2909de0-5cef-4134-8cd5-af3100916746,2534790
a2909de0-5cef-4134-8cd5-af3100916746,143906110
1fd0a244-2ee0-4a08-88c8-e7f22457467d,2165805082
1fd0a244-2ee0-4a08-88c8-e7f22457467d,40116646
1fd0a244-2ee0-4a08-88c8-e7f22457467d,34905047
1fd0a244-2ee0-4a08-88c8-e7f22457467d,146682888
808e76d6-cdc2-4ec2-9752-968155c976df,48630276
808e76d6-cdc2-4ec2-9752-968155c976df,34772704
808e76d6-cdc2-4ec2-9752-968155c976df,1798269
de605ab6-a372-4e92-857d-9baeb3747a49,30956207
de605ab6-a372-4e92-857d-9baeb3747a49,1803904
de605ab6-a372-4e92-857d-9baeb3747a49,2764631
de605ab6-a372-4e92-857d-9baeb3747a49,48691553
efcd6bbc-8745-4d9b-9ade-31989728d820,49401455
efcd6bbc-8745-4d9b-9ade-31989728d820,144989167
808b3fbb-8d8a-44bd-8429-9d2a9de74b7a,1680812
808b3fbb-8d8a-44bd-8429-9d2a9de74b7a,3258951
808b3fbb-8d8a-44bd-8429-9d2a9de74b7a,3058439
808b3fbb-8d8a-44bd-8429-9d2a9de74b7a,2285291156
ef06122f-8add-46c0-83f8-a456eb2c7a34,2119657963
ef06122f-8add-46c0-83f8-a456eb2c7a34,1888102
ef06122f-8add-46c0-83f8-a456eb2c7a34,153316774
a4e63f1f-e0ed-46e2-92df-2f08488f73ea,22134418
a4e63f1f-e0ed-46e2-92df-2f08488f73ea,1798691
a4e63f1f-e0ed-46e2-92df-2f08488f73ea,2328680
e71c2088-ee17-4c7a-a755-34468b422c88,144385660
e71c2088-ee17-4c7a-a755-34468b422c88,1393291803
e71c2088-ee17-4c7a-a755-34468b422c88,1768181
ea164e92-9d9a-48f4-8f2b-b3dab0c3c329,1717963
ea164e92-9d9a-48f4-8f2b-b3dab0c3c329,2156211656
ea164e92-9d9a-48f4-8f2b-b3dab0c3c329,1686193
07dc0402-e037-4c79-a78a-a2fc9c11220c,1393291803
07dc0402-e037-4c79-a78a-a2fc9c11220c,39385532
07dc0402-e037-4c79-a78a-a2fc9c11220c,2488892
07dc0402-e037-4c79-a78a-a2fc9c11220c,1723424
d4c05855-4473-40b7-b0ed-67f39a22e4ee,2112851762
d4c05855-4473-40b7-b0ed-67f39a22e4ee,3015476
d4c05855-4473-40b7-b0ed-67f39a22e4ee,143823506
d4c05855-4473-40b7-b0ed-67f39a22e4ee,145647476
d4c05855-4473-40b7-b0ed-67f39a22e4ee,144376619
c08ec890-7f0b-428b-85c4-611b958be249,145688317
c08ec890-7f0b-428b-85c4-611b958be249,97213203
c08ec890-7f0b-428b-85c4-611b958be249,51042372
c08ec890-7f0b-428b-85c4-611b958be249,1931503
c08ec890-7f0b-428b-85c4-611b958be249,2493367
e622e6b8-7c8f-4e03-a641-45e395dbe47b,2262881
e622e6b8-7c8f-4e03-a641-45e395dbe47b,145064289
e622e6b8-7c8f-4e03-a641-45e395dbe47b,90643212
b0a020fa-12a2-4748-8571-ee595db29578,1717955
b0a020fa-12a2-4748-8571-ee595db29578,81753199
b0a020fa-12a2-4748-8571-ee595db29578,1807113
b0a020fa-12a2-4748-8571-ee595db29578,145042418
b0a020fa-12a2-4748-8571-ee595db29578,2109336475
8b04fcdf-fb4b-4d07-bebc-22545586ec67,1732285
8b04fcdf-fb4b-4d07-bebc-22545586ec67,1742415696
8b04fcdf-fb4b-4d07-bebc-22545586ec67,3210937
8b04fcdf-fb4b-4d07-bebc-22545586ec67,2044989
cac9a6e2-6dc8-4ada-9095-6ac800fd10b2,2230763
cac9a6e2-6dc8-4ada-9095-6ac800fd10b2,145999401
cac9a6e2-6dc8-4ada-9095-6ac800fd10b2,1705486
cac9a6e2-6dc8-4ada-9095-6ac800fd10b2,11618874
cac9a6e2-6dc8-4ada-9095-6ac800fd10b2,2917446
6f3ed74e-5f23-491d-ad16-6b3bd972c57e,3438088
6f3ed74e-5f23-491d-ad16-6b3bd972c57e,2083662403
6f3ed74e-5f23-491d-ad16-6b3bd972c57e,143989442
6f3ed74e-5f23-491d-ad16-6b3bd972c57e,22708729
b9b1955e-7b9a-4474-9dc0-429b6a0c70c7,2112625845
b9b1955e-7b9a-4474-9dc0-429b6a0c70c7,1452344900
b9b1955e-7b9a-4474-9dc0-429b6a0c70c7,22708729
b9b1955e-7b9a-4474-9dc0-429b6a0c70c7,2550618
b34821bf-efe4-487b-85b2-f59eb1fbd23f,32446495
b34821bf-efe4-487b-85b2-f59eb1fbd23f,11063801
b34821bf-efe4-487b-85b2-f59eb1fbd23f,48077877
b34821bf-efe4-487b-85b2-f59eb1fbd23f,145999401
ac2f326b-d22a-44d0-8894-6fb45334544a,143697651
ac2f326b-d22a-44d0-8894-6fb45334544a,3185110
ac2f326b-d22a-44d0-8894-6fb45334544a,46250152
ac2f326b-d22a-44d0-8894-6fb45334544a,1772445
7d39de47-421f-4926-a356-7b3c12325835,2355912
7d39de47-421f-4926-a356-7b3c12325835,145635430
7d39de47-421f-4926-a356-7b3c12325835,144179343
7d39de47-421f-4926-a356-7b3c12325835,28354393
4756b4fc-1ea0-4e78-83f8-5f9e6f9e5cbd,2126316
4756b4fc-1ea0-4e78-83f8-5f9e6f9e5cbd,52367308
4756b4fc-1ea0-4e78-83f8-5f9e6f9e5cbd,34820048
470e3bf0-49e4-47e4-b657-74a832aaaba8,1411043056
470e3bf0-49e4-47e4-b657-74a832aaaba8,1388404060
470e3bf0-49e4-47e4-b657-74a832aaaba8,2285880465
470e3bf0-49e4-47e4-b657-74a832aaaba8,1916288
470e3bf0-49e4-47e4-b657-74a832aaaba8,50193797
b26f7adf-67c4-4b3e-8fb3-323bbc229ebf,144743909
b26f7adf-67c4-4b3e-8fb3-323bbc229ebf,40116646
b26f7adf-67c4-4b3e-8fb3-323bbc229ebf,1742930
82833c8a-eda9-46dd-a74d-14ae3e63ee39,39452145
82833c8a-eda9-46dd-a74d-14ae3e63ee39,71064586
82833c8a-eda9-46dd-a74d-14ae3e63ee39,48190770
82833c8a-eda9-46dd-a74d-14ae3e63ee39,1731012
b42f1166-15bb-4677-a3c6-79001d3d1bce,3113695
b42f1166-15bb-4677-a3c6-79001d3d1bce,39592606
b42f1166-15bb-4677-a3c6-79001d3d1bce,47692442
b42f1166-15bb-4677-a3c6-79001d3d1bce,123064042
e8ff6ead-5319-4717-b882-0ef195942f4f,145794456
e8ff6ead-5319-4717-b882-0ef195942f4f,152879053
e8ff6ead-5319-4717-b882-0ef195942f4f,145481292
e8ff6ead-5319-4717-b882-0ef195942f4f,2068611376
a2525af5-70f4-41f1-abb8-b89bc0103751,2901129
a2525af5-70f4-41f1-abb8-b89bc0103751,3122645
a2525af5-70f4-41f1-abb8-b89bc0103751,36604738
a2525af5-70f4-41f1-abb8-b89bc0103751,2271397816
a2525af5-70f4-41f1-abb8-b89bc0103751,1741196
6759ce43-b838-425a-ad85-edfd8774caf2,1752475
6759ce43-b838-425a-ad85-edfd8774caf2,1767692
6759ce43-b838-425a-ad85-edfd8774caf2,32446495
6759ce43-b838-425a-ad85-edfd8774caf2,3082187
6759ce43-b838-425a-ad85-edfd8774caf2,34905047
6885b815-0a65-46a9-8104-8fda9296827b,2488892
6885b815-0a65-46a9-8104-8fda9296827b,2919717
6885b815-0a65-46a9-8104-8fda9296827b,2074443600
6885b815-0a65-46a9-8104-8fda9296827b,3258951
6885b815-0a65-46a9-8104-8fda9296827b,52615500
59e78714-abd5-4028-88f6-84a409120cef,2176433
59e78714-abd5-4028-88f6-84a409120cef,1682406
59e78714-abd5-4028-88f6-84a409120cef,2957924
59e78714-abd5-4028-88f6-84a409120cef,47874492
92c039cd-d8be-4d8a-b268-b25dc1ce68ad,2108105012
92c039cd-d8be-4d8a-b268-b25dc1ce68ad,3087532
92c039cd-d8be-4d8a-b268-b25dc1ce68ad,1745330
5b640f66-cce7-4194-bb6b-634380f838b9,3076734
5b640f66-cce7-4194-bb6b-634380f838b9,22708729
5b640f66-cce7-4194-bb6b-634380f838b9,2185666
5b640f66-cce7-4194-bb6b-634380f838b9,1785624
5b640f66-cce7-4194-bb6b-634380f838b9,1916288
6aaa897c-0f61-48d0-b9b7-2621acfd67da,145042418
6aaa897c-0f61-48d0-b9b7-2621acfd67da,81753199
6aaa897c-0f61-48d0-b9b7-2621acfd67da,1757996
6aaa897c-0f61-48d0-b9b7-2621acfd67da,1802918
6aaa897c-0f61-48d0-b9b7-2621acfd67da,46221898
e6027306-5fa5-4e6c-9a6b-23f24c55b266,143872539
e6027306-5fa5-4e6c-9a6b-23f24c55b266,72091723
e6027306-5fa5-4e6c-9a6b-23f24c55b266,1695958
e6027306-5fa5-4e6c-9a6b-23f24c55b266,1809270
e6027306-5fa5-4e6c-9a6b-23f24c55b266,1807113
30c1ff3e-6458-4f8f-beec-601a6d9d18c4,2440316
30c1ff3e-6458-4f8f-beec-601a6d9d18c4,49914182
30c1ff3e-6458-4f8f-beec-601a6d9d18c4,2701127
1484322a-8d11-4873-85b1-f2bad81def33,47489005
1484322a-8d11-4873-85b1-f2bad81def33,1751233
1484322a-8d11-4873-85b1-f2bad81def33,1760762
1f6f4883-88cd-42e0-ab7d-e07cef8a172a,1767692
1f6f4883-88cd-42e0-ab7d-e07cef8a172a,2295803
1f6f4883-88cd-42e0-ab7d-e07cef8a172a,2324949
1f6f4883-88cd-42e0-ab7d-e07cef8a172a,144283020
7952241b-2192-49b5-9cd7-3f1442ebd80e,46481106
7952241b-2192-49b5-9cd7-3f1442ebd80e,1682406
7952241b-2192-49b5-9cd7-3f1442ebd80e,2320954
7952241b-2192-49b5-9cd7-3f1442ebd80e,32446495
7952241b-2192-49b5-9cd7-3f1442ebd80e,2059043
c4e7f667-4939-4cc4-b263-2a713f5602f7,152879053
c4e7f667-4939-4cc4-b263-2a713f5602f7,119803948
c4e7f667-4939-4cc4-b263-2a713f5602f7,3386346
c4e7f667-4939-4cc4-b263-2a713f5602f7,2068611376
c4e7f667-4939-4cc4-b263-2a713f5602f7,145536002
ef065e30-d501-4b6b-8a34-cfdb23080fa1,4383002
ef065e30-d501-4b6b-8a34-cfdb23080fa1,2112625845
ef065e30-d501-4b6b-8a34-cfdb23080fa1,1768181
7c711850-015b-48de-b12b-a358d78ccfd8,144146894
7c711850-015b-48de-b12b-a358d78ccfd8,83360169
7c711850-015b-48de-b12b-a358d78ccfd8,70359360
d3de5692-8a2f-4547-aa12-5921a4b4a728,50053016
d3de5692-8a2f-4547-aa12-5921a4b4a728,1770486
d3de5692-8a2f-4547-aa12-5921a4b4a728,145188857
0c77bc35-1b10-4215-b8aa-958549646a75,3390886
0c77bc35-1b10-4215-b8aa-958549646a75,1598458883
0c77bc35-1b10-4215-b8aa-958549646a75,1747491
18b2eb9b-ebbd-4fa8-9eaf-58d9d03550b9,51040845
18b2eb9b-ebbd-4fa8-9eaf-58d9d03550b9,2249589263
18b2eb9b-ebbd-4fa8-9eaf-58d9d03550b9,144772155
18b2eb9b-ebbd-4fa8-9eaf-58d9d03550b9,144146894
18b2eb9b-ebbd-4fa8-9eaf-58d9d03550b9,1703130
d85bc99c-f585-42ad-940f-aef15476d72d,2116328984
d85bc99c-f585-42ad-940f-aef15476d72d,52615500
d85bc99c-f585-42ad-940f-aef15476d72d,3058439
f109aa2b-ad7d-4e26-9fe8-d12b4ec5d2a2,1682878
f109aa2b-ad7d-4e26-9fe8-d12b4ec5d2a2,1402943721
f109aa2b-ad7d-4e26-9fe8-d12b4ec5d2a2,51040845
2f020fc0-98b5-43e3-b99d-c33b66c7847b,1743835
2f020fc0-98b5-43e3-b99d-c33b66c7847b,21790176
2f020fc0-98b5-43e3-b99d-c33b66c7847b,2355912
2f020fc0-98b5-43e3-b99d-c33b66c7847b,144834571
08355691-4e4e-4933-9662-78c08d955b1a,2488892
08355691-4e4e-4933-9662-78c08d955b1a,145064289
08355691-4e4e-4933-9662-78c08d955b1a,1733783
08355691-4e4e-4933-9662-78c08d955b1a,1906922
08355691-4e4e-4933-9662-78c08d955b1a,16777650
74612bec-6fd6-4a64-9703-981acbed0eb2,1800120
74612bec-6fd6-4a64-9703-981acbed0eb2,1710856
74612bec-6fd6-4a64-9703-981acbed0eb2,3192444
74612bec-6fd6-4a64-9703-981acbed0eb2,1682406
74612bec-6fd6-4a64-9703-981acbed0eb2,1736546
9a23b133-cafb-4e39-993e-11469911bb41,144237889
9a23b133-cafb-4e39-993e-11469911bb41,8719844
9a23b133-cafb-4e39-993e-11469911bb41,21744050
9a23b133-cafb-4e39-993e-11469911bb41,2110851001
9a23b133-cafb-4e39-993e-11469911bb41,123064042
